city,fire_risk,frp,latitude,longitude,radius_of_risk,start_data,status,geom,id_foco_bdq
IJACI,0.73,2.9,-21.23891,-44.9553,3000,2026-04-19 16:35:00+00:00,ACTIVE,POINT(-44.9553 -21.23891),1814760165
ARAPONGA,0.35,10.5,-20.62814,-42.48535,3000,2026-04-23 00:13:00+00:00,ACTIVE,POINT(-42.48535 -20.62814),1815156886
ARAPONGA,0.35,10.5,-20.62814,-42.48536,3000,2026-04-23 00:13:00+00:00,ACTIVE,POINT(-42.48536 -20.62814),1815156887
ARAPONGA,0.08,12.5,-20.62415,-42.49294,3000,2026-04-23 00:13:00+00:00,ACTIVE,POINT(-42.49294 -20.62415),1815156854
PONTE NOVA,0.68,9.0,-20.38878,-42.81804,3000,2026-04-23 00:13:00+00:00,ACTIVE,POINT(-42.81804 -20.38878),1815156862
SÃO ROQUE DE MINAS,0.26,5.5,-20.20018,-46.73407,3000,2026-04-23 00:13:00+00:00,ACTIVE,POINT(-46.73407 -20.20018),1815156846
DELFINÓPOLIS,0.24,6.7,-20.23705,-46.8047,3000,2026-04-23 00:13:00+00:00,ACTIVE,POINT(-46.8047 -20.23705),1815156896
SÃO ROQUE DE MINAS,0.26,5.5,-20.20019,-46.73405,3000,2026-04-23 00:13:00+00:00,ACTIVE,POINT(-46.73405 -20.20019),1815156849
ARAPONGA,0.04,12.2,-20.6307,-42.50055,3000,2026-04-23 00:13:00+00:00,ACTIVE,POINT(-42.50055 -20.6307),1815156882
ARAPONGA,0.08,12.5,-20.62415,-42.49295,3000,2026-04-23 00:13:00+00:00,ACTIVE,POINT(-42.49295 -20.62415),1815156838
SÃO ROQUE DE MINAS,0.27,5.9,-20.20149,-46.74341,3000,2026-04-23 00:13:00+00:00,ACTIVE,POINT(-46.74341 -20.20149),1815156815
PARACATU,1.0,5.1,-17.16431,-46.83574,3000,2026-04-23 00:13:00+00:00,ACTIVE,POINT(-46.83574 -17.16431),1815156890
ARAPONGA,0.04,12.2,-20.6307,-42.50056,3000,2026-04-23 00:13:00+00:00,ACTIVE,POINT(-42.50056 -20.6307),1815156821
DELFINÓPOLIS,0.28,9.1,-20.23575,-46.79538,3000,2026-04-23 00:13:00+00:00,ACTIVE,POINT(-46.79538 -20.23575),1815156866
DELFINÓPOLIS,0.29,9.1,-20.23575,-46.79536,3000,2026-04-23 00:13:00+00:00,ACTIVE,POINT(-46.79536 -20.23575),1815156817
DELFINÓPOLIS,0.24,6.7,-20.23705,-46.80469,3000,2026-04-23 00:13:00+00:00,ACTIVE,POINT(-46.80469 -20.23705),1815156804
PARACATU,1.0,5.1,-17.16431,-46.83575,3000,2026-04-23 00:13:00+00:00,ACTIVE,POINT(-46.83575 -17.16431),1815156879
PONTE NOVA,0.68,9.0,-20.38878,-42.81806,3000,2026-04-23 00:13:00+00:00,ACTIVE,POINT(-42.81806 -20.38878),1815156867
SÃO ROQUE DE MINAS,0.27,5.9,-20.20149,-46.74343,3000,2026-04-23 00:13:00+00:00,ACTIVE,POINT(-46.74343 -20.20149),1815156832
JAÍBA,1.0,9.3,-15.18627,-43.98326,3000,2026-04-23 00:16:00+00:00,ACTIVE,POINT(-43.98326 -15.18627),1815156828
JAÍBA,1.0,9.3,-15.18627,-43.98324,3000,2026-04-23 00:16:00+00:00,ACTIVE,POINT(-43.98324 -15.18627),1815156865
SETUBINHA,0.06,0.7,-17.48478,-42.21809,3000,2026-04-23 03:57:00+00:00,ACTIVE,POINT(-42.21809 -17.48478),1815201349
PONTO CHIQUE,0.64,1.5,-16.709,-44.95264,3000,2026-04-23 03:57:00+00:00,ACTIVE,POINT(-44.95264 -16.709),1815203311
NANUQUE,0.28,0.6,-17.88754,-40.35723,3000,2026-04-23 03:57:00+00:00,ACTIVE,POINT(-40.35723 -17.88754),1815202460
ITAMARANDIBA,0.1,0.8,-17.89981,-42.86148,3000,2026-04-23 03:57:00+00:00,ACTIVE,POINT(-42.86148 -17.89981),1815202704
PARACATU,1.0,2.4,-17.16873,-46.83477,3000,2026-04-23 03:57:00+00:00,ACTIVE,POINT(-46.83477 -17.16873),1815202487
BONITO DE MINAS,0.46,0.7,-14.90352,-45.17941,3000,2026-04-23 03:57:00+00:00,ACTIVE,POINT(-45.17941 -14.90352),1815203058
SETUBINHA,0.06,1.9,-17.48142,-42.21749,3000,2026-04-23 03:57:00+00:00,ACTIVE,POINT(-42.21749 -17.48142),1815203297
NINHEIRA,0.65,1.7,-15.36787,-41.68977,3000,2026-04-23 03:57:00+00:00,ACTIVE,POINT(-41.68977 -15.36787),1815203699
ÁGUA BOA,0.61,0.8,-18.02888,-42.3798,3000,2026-04-23 03:57:00+00:00,ACTIVE,POINT(-42.3798 -18.02888),1815203140
JOAÍMA,0.45,0.6,-16.64898,-41.14847,3000,2026-04-23 03:57:00+00:00,ACTIVE,POINT(-41.14847 -16.64898),1815202452
SÃO ROQUE DE MINAS,0.34,2.0,-20.24407,-46.78038,3000,2026-04-23 04:00:00+00:00,ACTIVE,POINT(-46.78038 -20.24407),1815201892
SÃO ROQUE DE MINAS,0.7,1.3,-20.24197,-46.76936,3000,2026-04-23 04:00:00+00:00,ACTIVE,POINT(-46.76936 -20.24197),1815201660
SÃO ROQUE DE MINAS,0.31,1.9,-20.18996,-46.89051,3000,2026-04-23 04:00:00+00:00,ACTIVE,POINT(-46.89051 -20.18996),1815202567
DELFINÓPOLIS,0.24,1.6,-20.23956,-46.8045,3000,2026-04-23 04:00:00+00:00,ACTIVE,POINT(-46.8045 -20.23956),1815202646
SÃO ROQUE DE MINAS,0.49,0.9,-20.18069,-46.80729,3000,2026-04-23 04:00:00+00:00,ACTIVE,POINT(-46.80729 -20.18069),1815203102
DELFINÓPOLIS,0.24,10.6,-20.20048,-46.90131,3000,2026-04-23 04:00:00+00:00,ACTIVE,POINT(-46.90131 -20.20048),1815202700
DELFINÓPOLIS,0.25,10.6,-20.2012,-46.89754,3000,2026-04-23 04:00:00+00:00,ACTIVE,POINT(-46.89754 -20.2012),1815201907
SÃO FRANCISCO DE SALES,1.0,1.2,-19.9108,-49.88187,3000,2026-04-23 04:00:00+00:00,ACTIVE,POINT(-49.88187 -19.9108),1815201734
SÃO ROQUE DE MINAS,0.28,1.8,-20.20268,-46.73539,3000,2026-04-23 04:00:00+00:00,ACTIVE,POINT(-46.73539 -20.20268),1815201720
DELFINÓPOLIS,0.35,1.4,-20.23393,-46.7901,3000,2026-04-23 04:00:00+00:00,ACTIVE,POINT(-46.7901 -20.23393),1815203626
DELFINÓPOLIS,0.36,1.9,-20.1726,-46.93773,3000,2026-04-23 04:00:00+00:00,ACTIVE,POINT(-46.93773 -20.1726),1815203484
SÃO ROQUE DE MINAS,0.46,3.3,-20.23799,-46.76845,3000,2026-04-23 04:00:00+00:00,ACTIVE,POINT(-46.76845 -20.23799),1815203343
ORATÓRIOS,0.68,1.2,-20.39558,-42.81888,3000,2026-04-23 04:00:00+00:00,ACTIVE,POINT(-42.81888 -20.39558),1815203265
SÃO ROQUE DE MINAS,0.73,1.3,-20.18443,-46.89758,3000,2026-04-23 04:00:00+00:00,ACTIVE,POINT(-46.89758 -20.18443),1815202978
SÃO ROQUE DE MINAS,0.32,0.9,-20.20916,-46.76702,3000,2026-04-23 04:00:00+00:00,ACTIVE,POINT(-46.76702 -20.20916),1815202342
DELFINÓPOLIS,0.26,1.5,-20.24113,-46.79612,3000,2026-04-23 04:00:00+00:00,ACTIVE,POINT(-46.79612 -20.24113),1815202919
PONTE NOVA,0.69,1.2,-20.39497,-42.82265,3000,2026-04-23 04:00:00+00:00,ACTIVE,POINT(-42.82265 -20.39497),1815202784
DELFINÓPOLIS,0.24,1.6,-20.23564,-46.80318,3000,2026-04-23 04:00:00+00:00,ACTIVE,POINT(-46.80318 -20.23564),1815201710
SÃO ROQUE DE MINAS,0.59,2.5,-20.24135,-46.77265,3000,2026-04-23 04:00:00+00:00,ACTIVE,POINT(-46.77265 -20.24135),1815202459
DELFINÓPOLIS,0.24,1.9,-20.19498,-46.90823,3000,2026-04-23 04:00:00+00:00,ACTIVE,POINT(-46.90823 -20.19498),1815203035
DELFINÓPOLIS,0.28,2.1,-20.23244,-46.79807,3000,2026-04-23 04:00:00+00:00,ACTIVE,POINT(-46.79807 -20.23244),1815202642
SÃO ROQUE DE MINAS,0.31,1.7,-20.20925,-46.74454,3000,2026-04-23 04:00:00+00:00,ACTIVE,POINT(-46.74454 -20.20925),1815202630
DELFINÓPOLIS,0.26,2.5,-20.20192,-46.8937,3000,2026-04-23 04:00:00+00:00,ACTIVE,POINT(-46.8937 -20.20192),1815203509
SÃO ROQUE DE MINAS,0.46,2.5,-20.24072,-46.77604,3000,2026-04-23 04:00:00+00:00,ACTIVE,POINT(-46.77604 -20.24072),1815202486
DELFINÓPOLIS,0.49,1.5,-20.19478,-46.88716,3000,2026-04-23 04:00:00+00:00,ACTIVE,POINT(-46.88716 -20.19478),1815201915
SÃO ROQUE DE MINAS,0.44,1.3,-20.18923,-46.89437,3000,2026-04-23 04:00:00+00:00,ACTIVE,POINT(-46.89437 -20.18923),1815202439
SÃO GONÇALO DO PARÁ,1.0,1.5,-19.97881,-44.85513,3000,2026-04-23 04:00:00+00:00,ACTIVE,POINT(-44.85513 -19.97881),1815203096
DELFINÓPOLIS,0.24,13.8,-20.19975,-46.90523,3000,2026-04-23 04:00:00+00:00,ACTIVE,POINT(-46.90523 -20.19975),1815202273
DELFINÓPOLIS,0.24,1.5,-20.24033,-46.80035,3000,2026-04-23 04:00:00+00:00,ACTIVE,POINT(-46.80035 -20.24033),1815203029
EXTREMA,0.18,0.6,-22.79738,-46.35307,3000,2026-04-23 04:00:00+00:00,ACTIVE,POINT(-46.35307 -22.79738),1815202184
DELFINÓPOLIS,0.78,1.3,-20.18697,-46.90623,3000,2026-04-23 04:00:00+00:00,ACTIVE,POINT(-46.90623 -20.18697),1815203445
SÃO ROQUE DE MINAS,0.31,2.9,-20.20597,-46.73998,3000,2026-04-23 04:00:00+00:00,ACTIVE,POINT(-46.73998 -20.20597),1815202139
DELFINÓPOLIS,0.24,1.9,-20.19579,-46.904,3000,2026-04-23 04:00:00+00:00,ACTIVE,POINT(-46.904 -20.19579),1815202089
SÃO ROQUE DE MINAS,0.75,1.1,-20.18465,-46.8084,3000,2026-04-23 04:00:00+00:00,ACTIVE,POINT(-46.8084 -20.18465),1815201957
DELFINÓPOLIS,0.4,1.5,-20.19876,-46.88826,3000,2026-04-23 04:00:00+00:00,ACTIVE,POINT(-46.88826 -20.19876),1815202257
SÃO ROQUE DE MINAS,0.82,1.3,-20.18366,-46.90159,3000,2026-04-23 04:00:00+00:00,ACTIVE,POINT(-46.90159 -20.18366),1815203465
DELFINÓPOLIS,0.51,1.9,-20.19098,-46.90721,3000,2026-04-23 04:00:00+00:00,ACTIVE,POINT(-46.90721 -20.19098),1815201674
SACRAMENTO,0.58,1.5,-20.17365,-46.95425,3000,2026-04-23 04:00:00+00:00,ACTIVE,POINT(-46.95425 -20.17365),1815203176
SÃO ROQUE DE MINAS,0.24,1.8,-20.19872,-46.73444,3000,2026-04-23 04:00:00+00:00,ACTIVE,POINT(-46.73444 -20.19872),1815201398
DELFINÓPOLIS,0.31,2.1,-20.23318,-46.7941,3000,2026-04-23 04:00:00+00:00,ACTIVE,POINT(-46.7941 -20.23318),1815203640
DELFINÓPOLIS,0.23,1.0,-20.17977,-46.94417,3000,2026-04-23 04:00:00+00:00,ACTIVE,POINT(-46.94417 -20.17977),1815203843
DELFINÓPOLIS,0.51,1.3,-20.19017,-46.91151,3000,2026-04-23 04:00:00+00:00,ACTIVE,POINT(-46.91151 -20.19017),1815201367
SÃO ROQUE DE MINAS,0.3,0.7,-20.1775,-46.80219,3000,2026-04-23 04:00:00+00:00,ACTIVE,POINT(-46.80219 -20.1775),1815203149
SÃO ROQUE DE MINAS,0.25,1.1,-20.19939,-46.7309,3000,2026-04-23 04:00:00+00:00,ACTIVE,POINT(-46.7309 -20.19939),1815202368
UNAÍ,0.43,0.6,-16.58594,-46.96817,3000,2026-04-23 04:29:00+00:00,ACTIVE,POINT(-46.96817 -16.58594),1815165370
MONTES CLAROS,0.28,0.7,-16.75629,-44.02132,3000,2026-04-23 04:29:00+00:00,ACTIVE,POINT(-44.02132 -16.75629),1815164674
PONTO CHIQUE,0.74,0.9,-16.71076,-44.95376,3000,2026-04-23 04:29:00+00:00,ACTIVE,POINT(-44.95376 -16.71076),1815166403
BONITO DE MINAS,0.45,0.8,-14.90437,-45.17824,3000,2026-04-23 04:29:00+00:00,ACTIVE,POINT(-45.17824 -14.90437),1815165406
SÃO ROQUE DE MINAS,0.38,1.2,-20.23654,-46.76783,3000,2026-04-23 04:32:00+00:00,ACTIVE,POINT(-46.76783 -20.23654),1815163836
DELFINÓPOLIS,0.24,1.1,-20.23477,-46.80241,3000,2026-04-23 04:32:00+00:00,ACTIVE,POINT(-46.80241 -20.23477),1815165270
SÃO ROQUE DE MINAS,0.31,0.7,-20.20852,-46.74726,3000,2026-04-23 04:32:00+00:00,ACTIVE,POINT(-46.74726 -20.20852),1815165351
SACRAMENTO,0.59,2.4,-20.17376,-46.95443,3000,2026-04-23 04:32:00+00:00,ACTIVE,POINT(-46.95443 -20.17376),1815165531
SÃO ROQUE DE MINAS,0.31,0.7,-20.20571,-46.7429,3000,2026-04-23 04:32:00+00:00,ACTIVE,POINT(-46.7429 -20.20571),1815167712
DELFINÓPOLIS,0.5,1.1,-20.19071,-46.91084,3000,2026-04-23 04:32:00+00:00,ACTIVE,POINT(-46.91084 -20.19071),1815167605
PARACATU,1.0,2.6,-17.16816,-46.83495,3000,2026-04-23 04:32:00+00:00,ACTIVE,POINT(-46.83495 -17.16816),1815167390
SÃO ROQUE DE MINAS,0.62,1.0,-20.18196,-46.80888,3000,2026-04-23 04:32:00+00:00,ACTIVE,POINT(-46.80888 -20.18196),1815167552
SACRAMENTO,0.57,0.6,-20.1693,-46.93837,3000,2026-04-23 04:32:00+00:00,ACTIVE,POINT(-46.93837 -20.1693),1815164950
DELFINÓPOLIS,0.3,0.8,-20.24829,-46.7816,3000,2026-04-23 04:32:00+00:00,ACTIVE,POINT(-46.7816 -20.24829),1815167411
DELFINÓPOLIS,0.24,1.8,-20.19856,-46.90455,3000,2026-04-23 04:32:00+00:00,ACTIVE,POINT(-46.90455 -20.19856),1815167191
DELFINÓPOLIS,0.38,0.6,-20.17267,-46.93892,3000,2026-04-23 04:32:00+00:00,ACTIVE,POINT(-46.93892 -20.17267),1815167607
SACRAMENTO,0.63,3.0,-20.16089,-46.94839,3000,2026-04-23 04:32:00+00:00,ACTIVE,POINT(-46.94839 -20.16089),1815164920
DELFINÓPOLIS,0.25,1.0,-20.24265,-46.79603,3000,2026-04-23 04:32:00+00:00,ACTIVE,POINT(-46.79603 -20.24265),1815165201
SÃO ROQUE DE MINAS,0.34,3.8,-20.2449,-46.78112,3000,2026-04-23 04:32:00+00:00,ACTIVE,POINT(-46.78112 -20.2449),1815167824
SACRAMENTO,0.9,3.0,-20.16482,-46.94524,3000,2026-04-23 04:32:00+00:00,ACTIVE,POINT(-46.94524 -20.16482),1815167788
SÃO ROQUE DE MINAS,0.31,1.4,-20.20628,-46.73911,3000,2026-04-23 04:32:00+00:00,ACTIVE,POINT(-46.73911 -20.20628),1815168330
SÃO ROQUE DE MINAS,0.34,0.7,-20.19017,-46.89169,3000,2026-04-23 04:32:00+00:00,ACTIVE,POINT(-46.89169 -20.19017),1815163843
SANTA VITÓRIA,1.0,1.2,-18.85781,-50.12346,3000,2026-04-23 04:32:00+00:00,ACTIVE,POINT(-50.12346 -18.85781),1815167612
DELFINÓPOLIS,0.24,1.0,-20.24209,-46.79972,3000,2026-04-23 04:32:00+00:00,ACTIVE,POINT(-46.79972 -20.24209),1815168148
DELFINÓPOLIS,0.24,1.0,-20.2387,-46.79922,3000,2026-04-23 04:32:00+00:00,ACTIVE,POINT(-46.79922 -20.2387),1815167599
DELFINÓPOLIS,0.88,0.8,-20.18455,-46.90602,3000,2026-04-23 04:32:00+00:00,ACTIVE,POINT(-46.90602 -20.18455),1815168196
DELFINÓPOLIS,0.23,1.8,-20.17884,-46.94366,3000,2026-04-23 04:32:00+00:00,ACTIVE,POINT(-46.94366 -20.17884),1815163853
SÃO ROQUE DE MINAS,0.31,0.7,-20.20909,-46.74347,3000,2026-04-23 04:32:00+00:00,ACTIVE,POINT(-46.74347 -20.20909),1815163813
SÃO FRANCISCO DE SALES,1.0,1.6,-19.90872,-49.88279,3000,2026-04-23 04:32:00+00:00,ACTIVE,POINT(-49.88279 -19.90872),1815167481
DELFINÓPOLIS,0.24,4.9,-20.20251,-46.90131,3000,2026-04-23 04:32:00+00:00,ACTIVE,POINT(-46.90131 -20.20251),1815165196
DELFINÓPOLIS,0.36,1.0,-20.19745,-46.88912,3000,2026-04-23 04:32:00+00:00,ACTIVE,POINT(-46.88912 -20.19745),1815167762
SÃO GONÇALO DO PARÁ,1.0,0.8,-19.97654,-44.85823,3000,2026-04-23 04:32:00+00:00,ACTIVE,POINT(-44.85823 -19.97654),1815163907
DELFINÓPOLIS,0.23,1.8,-20.17603,-46.93943,3000,2026-04-23 04:32:00+00:00,ACTIVE,POINT(-46.93943 -20.17603),1815165166
DELFINÓPOLIS,0.31,1.9,-20.23252,-46.79442,3000,2026-04-23 04:32:00+00:00,ACTIVE,POINT(-46.79442 -20.23252),1815163865
SACRAMENTO,0.52,1.4,-20.17096,-46.95015,3000,2026-04-23 04:32:00+00:00,ACTIVE,POINT(-46.95015 -20.17096),1815164870
SÃO ROQUE DE MINAS,0.37,0.7,-20.19074,-46.88794,3000,2026-04-23 04:32:00+00:00,ACTIVE,POINT(-46.88794 -20.19074),1815167361
PARACATU,1.0,2.6,-17.16483,-46.83438,3000,2026-04-23 04:32:00+00:00,ACTIVE,POINT(-46.83438 -17.16483),1815167342
SÃO ROQUE DE MINAS,0.26,0.6,-20.18938,-46.73645,3000,2026-04-23 04:32:00+00:00,ACTIVE,POINT(-46.73645 -20.18938),1815165402
DELFINÓPOLIS,0.29,1.9,-20.23589,-46.79501,3000,2026-04-23 04:32:00+00:00,ACTIVE,POINT(-46.79501 -20.23589),1815167333
DELFINÓPOLIS,0.28,1.9,-20.23195,-46.79815,3000,2026-04-23 04:32:00+00:00,ACTIVE,POINT(-46.79815 -20.23195),1815167311
SÃO ROQUE DE MINAS,0.79,1.0,-20.18567,-46.89857,3000,2026-04-23 04:32:00+00:00,ACTIVE,POINT(-46.89857 -20.18567),1815167131
SÃO ROQUE DE MINAS,0.52,1.6,-20.23932,-46.7723,3000,2026-04-23 04:32:00+00:00,ACTIVE,POINT(-46.7723 -20.23932),1815167388
DELFINÓPOLIS,0.26,1.8,-20.19463,-46.90771,3000,2026-04-23 04:32:00+00:00,ACTIVE,POINT(-46.90771 -20.19463),1815168365
SÃO ROQUE DE MINAS,0.55,1.2,-20.23992,-46.76839,3000,2026-04-23 04:32:00+00:00,ACTIVE,POINT(-46.76839 -20.23992),1815164750
DELFINÓPOLIS,0.24,4.9,-20.20308,-46.89753,3000,2026-04-23 04:32:00+00:00,ACTIVE,POINT(-46.89753 -20.20308),1815164719
DELFINÓPOLIS,0.26,4.2,-20.1997,-46.89707,3000,2026-04-23 04:32:00+00:00,ACTIVE,POINT(-46.89707 -20.1997),1815167004
DELFINÓPOLIS,0.34,2.3,-20.23308,-46.7907,3000,2026-04-23 04:32:00+00:00,ACTIVE,POINT(-46.7907 -20.23308),1815166921
SÃO ROQUE DE MINAS,0.54,1.0,-20.18624,-46.89483,3000,2026-04-23 04:32:00+00:00,ACTIVE,POINT(-46.89483 -20.18624),1815164659
SÃO ROQUE DE MINAS,0.26,1.6,-20.2001,-46.73421,3000,2026-04-23 04:32:00+00:00,ACTIVE,POINT(-46.73421 -20.2001),1815166913
DELFINÓPOLIS,0.28,0.8,-20.24772,-46.78534,3000,2026-04-23 04:32:00+00:00,ACTIVE,POINT(-46.78534 -20.24772),1815166672
DELFINÓPOLIS,0.62,0.6,-20.19466,-46.8848,3000,2026-04-23 04:32:00+00:00,ACTIVE,POINT(-46.8848 -20.19466),1815166608
DELFINÓPOLIS,0.4,0.7,-20.19409,-46.88857,3000,2026-04-23 04:32:00+00:00,ACTIVE,POINT(-46.88857 -20.19409),1815166523
DELFINÓPOLIS,0.23,1.8,-20.17941,-46.93993,3000,2026-04-23 04:32:00+00:00,ACTIVE,POINT(-46.93993 -20.17941),1815166544
SÃO ROQUE DE MINAS,0.46,1.7,-20.24211,-46.77673,3000,2026-04-23 04:32:00+00:00,ACTIVE,POINT(-46.77673 -20.24211),1815166390
DELFINÓPOLIS,0.27,1.0,-20.20027,-46.89333,3000,2026-04-23 04:32:00+00:00,ACTIVE,POINT(-46.89333 -20.20027),1815164534
DELFINÓPOLIS,0.24,13.0,-20.20193,-46.90506,3000,2026-04-23 04:32:00+00:00,ACTIVE,POINT(-46.90506 -20.20193),1815166280
DELFINÓPOLIS,0.58,0.7,-20.19803,-46.88535,3000,2026-04-23 04:32:00+00:00,ACTIVE,POINT(-46.88535 -20.19803),1815164414
SACRAMENTO,0.69,3.0,-20.16146,-46.94465,3000,2026-04-23 04:32:00+00:00,ACTIVE,POINT(-46.94465 -20.16146),1815164369
DELFINÓPOLIS,0.24,2.2,-20.23815,-46.80291,3000,2026-04-23 04:32:00+00:00,ACTIVE,POINT(-46.80291 -20.23815),1815164354
SÃO ROQUE DE MINAS,0.22,0.9,-20.19672,-46.73367,3000,2026-04-23 04:32:00+00:00,ACTIVE,POINT(-46.73367 -20.19672),1815164320
DELFINÓPOLIS,0.72,1.0,-20.1879,-46.90662,3000,2026-04-23 04:32:00+00:00,ACTIVE,POINT(-46.90662 -20.1879),1815164337
DELFINÓPOLIS,0.24,1.8,-20.198,-46.90825,3000,2026-04-23 04:32:00+00:00,ACTIVE,POINT(-46.90825 -20.198),1815166084
SACRAMENTO,0.33,0.8,-20.17433,-46.95068,3000,2026-04-23 04:32:00+00:00,ACTIVE,POINT(-46.95068 -20.17433),1815166016
DELFINÓPOLIS,0.49,1.0,-20.19127,-46.90717,3000,2026-04-23 04:32:00+00:00,ACTIVE,POINT(-46.90717 -20.19127),1815166040
ITAMARANDIBA,0.08,0.6,-17.89887,-42.8588,3000,2026-04-23 04:32:00+00:00,ACTIVE,POINT(-42.8588 -17.89887),1815166027
SÃO ROQUE DE MINAS,0.29,1.6,-20.20348,-46.73476,3000,2026-04-23 04:32:00+00:00,ACTIVE,POINT(-46.73476 -20.20348),1815165980
DELFINÓPOLIS,0.25,1.9,-20.23533,-46.79871,3000,2026-04-23 04:32:00+00:00,ACTIVE,POINT(-46.79871 -20.23533),1815164288
DELFINÓPOLIS,0.24,1.8,-20.19519,-46.90403,3000,2026-04-23 04:32:00+00:00,ACTIVE,POINT(-46.90403 -20.19519),1815165861
DELFINÓPOLIS,0.3,0.8,-20.1777,-46.95119,3000,2026-04-23 04:32:00+00:00,ACTIVE,POINT(-46.95119 -20.1777),1815165822
SÃO ROQUE DE MINAS,0.32,1.2,-20.18681,-46.89108,3000,2026-04-23 04:32:00+00:00,ACTIVE,POINT(-46.89108 -20.18681),1815164193
DELFINÓPOLIS,0.24,4.2,-20.19913,-46.90082,3000,2026-04-23 04:32:00+00:00,ACTIVE,POINT(-46.90082 -20.19913),1815167039
DELFINÓPOLIS,0.24,2.2,-20.23758,-46.80666,3000,2026-04-23 04:32:00+00:00,ACTIVE,POINT(-46.80666 -20.23758),1815164182
DELFINÓPOLIS,0.23,0.8,-20.17827,-46.94742,3000,2026-04-23 04:32:00+00:00,ACTIVE,POINT(-46.94742 -20.17827),1815168477
JOÃO PINHEIRO,0.85,0.1,-18.11802,-45.76544,3000,2026-04-23 04:51:00+00:00,ACTIVE,POINT(-45.76544 -18.11802),1815164765
JOÃO PINHEIRO,0.86,0.1,-18.12349,-45.76052,3000,2026-04-23 04:51:00+00:00,ACTIVE,POINT(-45.76052 -18.12349),1815164244
PARACATU,1.0,3.1,-17.16768,-46.83484,3000,2026-04-23 04:51:00+00:00,ACTIVE,POINT(-46.83484 -17.16768),1815168524
DELFINÓPOLIS,0.24,2.5,-20.19494,-46.90581,3000,2026-04-23 04:53:00+00:00,ACTIVE,POINT(-46.90581 -20.19494),1815168401
DELFINÓPOLIS,0.24,1.3,-20.20366,-46.90296,3000,2026-04-23 04:53:00+00:00,ACTIVE,POINT(-46.90296 -20.20366),1815167256
SÃO ROQUE DE MINAS,0.22,0.8,-20.19667,-46.73009,3000,2026-04-23 04:53:00+00:00,ACTIVE,POINT(-46.73009 -20.19667),1815168249
DELFINÓPOLIS,0.23,1.2,-20.17692,-46.93964,3000,2026-04-23 04:53:00+00:00,ACTIVE,POINT(-46.93964 -20.17692),1815165468
DELFINÓPOLIS,0.27,0.5,-20.2013,-46.89172,3000,2026-04-23 04:53:00+00:00,ACTIVE,POINT(-46.89172 -20.2013),1815167909
DELFINÓPOLIS,0.24,3.2,-20.20016,-46.90133,3000,2026-04-23 04:53:00+00:00,ACTIVE,POINT(-46.90133 -20.20016),1815165158
SACRAMENTO,0.7,2.5,-20.17054,-46.9542,3000,2026-04-23 04:53:00+00:00,ACTIVE,POINT(-46.9542 -20.17054),1815165245
DELFINÓPOLIS,0.24,1.7,-20.23861,-46.80066,3000,2026-04-23 04:53:00+00:00,ACTIVE,POINT(-46.80066 -20.23861),1815163913
DELFINÓPOLIS,0.29,1.7,-20.23442,-46.79593,3000,2026-04-23 04:53:00+00:00,ACTIVE,POINT(-46.79593 -20.23442),1815165128
DELFINÓPOLIS,0.59,2.5,-20.18981,-46.90964,3000,2026-04-23 04:53:00+00:00,ACTIVE,POINT(-46.90964 -20.18981),1815167948
DELFINÓPOLIS,0.29,1.6,-20.23636,-46.79467,3000,2026-04-23 04:53:00+00:00,ACTIVE,POINT(-46.79467 -20.23636),1815165082
DELFINÓPOLIS,0.26,3.2,-20.20074,-46.89644,3000,2026-04-23 04:53:00+00:00,ACTIVE,POINT(-46.89644 -20.20074),1815165024
DELFINÓPOLIS,0.86,1.9,-20.18571,-46.90469,3000,2026-04-23 04:53:00+00:00,ACTIVE,POINT(-46.90469 -20.18571),1815168133
DELFINÓPOLIS,0.26,1.4,-20.23336,-46.80537,3000,2026-04-23 04:53:00+00:00,ACTIVE,POINT(-46.80537 -20.23336),1815164972
SÃO ROQUE DE MINAS,0.24,0.8,-20.19131,-46.7355,3000,2026-04-23 04:53:00+00:00,ACTIVE,POINT(-46.7355 -20.19131),1815167544
SÃO ROQUE DE MINAS,0.45,2.2,-20.23729,-46.77024,3000,2026-04-23 04:53:00+00:00,ACTIVE,POINT(-46.77024 -20.23729),1815165305
DELFINÓPOLIS,0.48,1.2,-20.19714,-46.8872,3000,2026-04-23 04:53:00+00:00,ACTIVE,POINT(-46.8872 -20.19714),1815167513
SÃO ROQUE DE MINAS,0.26,2.3,-20.20072,-46.73599,3000,2026-04-23 04:53:00+00:00,ACTIVE,POINT(-46.73599 -20.20072),1815164895
SÃO ROQUE DE MINAS,0.45,1.1,-20.23876,-46.77451,3000,2026-04-23 04:53:00+00:00,ACTIVE,POINT(-46.77451 -20.23876),1815167409
DELFINÓPOLIS,0.26,1.7,-20.23909,-46.79633,3000,2026-04-23 04:53:00+00:00,ACTIVE,POINT(-46.79633 -20.23909),1815164819
DELFINÓPOLIS,0.23,3.1,-20.17577,-46.94942,3000,2026-04-23 04:53:00+00:00,ACTIVE,POINT(-46.94942 -20.17577),1815167199
DELFINÓPOLIS,0.24,3.0,-20.19961,-46.906,3000,2026-04-23 04:53:00+00:00,ACTIVE,POINT(-46.906 -20.19961),1815167153
SACRAMENTO,0.71,3.5,-20.16194,-46.94789,3000,2026-04-23 04:53:00+00:00,ACTIVE,POINT(-46.94789 -20.16194),1815164009
SACRAMENTO,0.7,1.1,-20.16764,-46.93911,3000,2026-04-23 04:53:00+00:00,ACTIVE,POINT(-46.93911 -20.16764),1815164777
SÃO ROQUE DE MINAS,0.53,1.1,-20.23949,-46.76841,3000,2026-04-23 04:53:00+00:00,ACTIVE,POINT(-46.76841 -20.23949),1815167057
SACRAMENTO,0.76,3.5,-20.1625,-46.9431,3000,2026-04-23 04:53:00+00:00,ACTIVE,POINT(-46.9431 -20.1625),1815167043
DELFINÓPOLIS,0.32,1.6,-20.23172,-46.79395,3000,2026-04-23 04:53:00+00:00,ACTIVE,POINT(-46.79395 -20.23172),1815167027
SÃO ROQUE DE MINAS,0.31,2.3,-20.20542,-46.73634,3000,2026-04-23 04:53:00+00:00,ACTIVE,POINT(-46.73634 -20.20542),1815164693
DELFINÓPOLIS,0.32,2.5,-20.24537,-46.7825,3000,2026-04-23 04:53:00+00:00,ACTIVE,POINT(-46.7825 -20.24537),1815164711
SÃO FRANCISCO DE SALES,1.0,1.6,-19.90974,-49.88142,3000,2026-04-23 04:53:00+00:00,ACTIVE,POINT(-49.88142 -19.90974),1815166793
SÃO ROQUE DE MINAS,0.31,1.3,-20.20482,-46.7415,3000,2026-04-23 04:53:00+00:00,ACTIVE,POINT(-46.7415 -20.20482),1815166777
SÃO ROQUE DE MINAS,0.28,1.7,-20.1874,-46.89026,3000,2026-04-23 04:53:00+00:00,ACTIVE,POINT(-46.89026 -20.1874),1815166707
DELFINÓPOLIS,0.29,1.5,-20.23116,-46.7987,3000,2026-04-23 04:53:00+00:00,ACTIVE,POINT(-46.7987 -20.23116),1815166495
DELFINÓPOLIS,0.33,0.6,-20.23494,-46.79129,3000,2026-04-23 04:53:00+00:00,ACTIVE,POINT(-46.79129 -20.23494),1815166328
DELFINÓPOLIS,0.25,1.5,-20.23583,-46.79912,3000,2026-04-23 04:53:00+00:00,ACTIVE,POINT(-46.79912 -20.23583),1815166286
SÃO ROQUE DE MINAS,0.54,1.3,-20.18682,-46.8952,3000,2026-04-23 04:53:00+00:00,ACTIVE,POINT(-46.8952 -20.18682),1815164316
SACRAMENTO,0.5,2.6,-20.1711,-46.94939,3000,2026-04-23 04:53:00+00:00,ACTIVE,POINT(-46.94939 -20.1711),1815166212
DELFINÓPOLIS,0.24,1.5,-20.2353,-46.8036,3000,2026-04-23 04:53:00+00:00,ACTIVE,POINT(-46.8036 -20.2353),1815166144
DELFINÓPOLIS,0.32,0.8,-20.22978,-46.79522,3000,2026-04-23 04:53:00+00:00,ACTIVE,POINT(-46.79522 -20.22978),1815166136
DELFINÓPOLIS,0.54,5.1,-20.17519,-46.95438,3000,2026-04-23 04:53:00+00:00,ACTIVE,POINT(-46.95438 -20.17519),1815164352
SÃO ROQUE DE MINAS,0.47,1.2,-20.19254,-46.88644,3000,2026-04-23 04:53:00+00:00,ACTIVE,POINT(-46.88644 -20.19254),1815165951
DELFINÓPOLIS,0.25,1.7,-20.2339,-46.80051,3000,2026-04-23 04:53:00+00:00,ACTIVE,POINT(-46.80051 -20.2339),1815165917
SÃO ROQUE DE MINAS,0.31,1.3,-20.2095,-46.742,3000,2026-04-23 04:53:00+00:00,ACTIVE,POINT(-46.742 -20.2095),1815164240
SÃO ROQUE DE MINAS,0.45,0.8,-20.2413,-46.7767,3000,2026-04-23 04:53:00+00:00,ACTIVE,POINT(-46.7767 -20.2413),1815168518
SÃO ROQUE DE MINAS,0.83,1.3,-20.18625,-46.90002,3000,2026-04-23 04:53:00+00:00,ACTIVE,POINT(-46.90002 -20.18625),1815168541
DELFINÓPOLIS,0.24,10.5,-20.20019,-46.90143,3000,2026-04-23 06:20:00+00:00,ACTIVE,POINT(-46.90143 -20.20019),1815171051
DELFINÓPOLIS,0.27,5.6,-20.23349,-46.79768,3000,2026-04-23 06:20:00+00:00,ACTIVE,POINT(-46.79768 -20.23349),1815169013
DELFINÓPOLIS,0.28,5.6,-20.2335,-46.79766,3000,2026-04-23 06:20:00+00:00,ACTIVE,POINT(-46.79766 -20.2335),1815182742
SÃO ROQUE DE MINAS,0.25,5.8,-20.18365,-46.88909,3000,2026-04-23 06:20:00+00:00,ACTIVE,POINT(-46.88909 -20.18365),1815182081
DELFINÓPOLIS,0.24,10.5,-20.2002,-46.90141,3000,2026-04-23 06:20:00+00:00,ACTIVE,POINT(-46.90141 -20.2002),1815182019
SÃO ROQUE DE MINAS,0.25,5.8,-20.18365,-46.8891,3000,2026-04-23 06:20:00+00:00,ACTIVE,POINT(-46.8891 -20.18365),1815175916
BURITIZEIRO,0.9,84.4,-17.4988,-45.0183,3000,2026-04-23 13:20:00+00:00,ACTIVE,POINT(-45.0183 -17.4988),1815290860
BURITIZEIRO,0.9,80.5,-17.4988,-45.0183,3000,2026-04-23 13:30:00+00:00,ACTIVE,POINT(-45.0183 -17.4988),1815290923
BURITIZEIRO,0.9,79.2,-17.4988,-45.0183,3000,2026-04-23 13:40:00+00:00,ACTIVE,POINT(-45.0183 -17.4988),1815290949
SÃO ROQUE DE MINAS,0.31,82.5,-20.2068,-46.759,3000,2026-04-23 14:20:00+00:00,ACTIVE,POINT(-46.759 -20.2068),1815234844
MINAS NOVAS,0.11,3.9,-17.47655,-42.35307,3000,2026-04-23 15:39:00+00:00,ACTIVE,POINT(-42.35307 -17.47655),1815255138
MINAS NOVAS,0.07,3.9,-17.47704,-42.35815,3000,2026-04-23 15:39:00+00:00,ACTIVE,POINT(-42.35815 -17.47704),1815254988
ÁGUAS VERMELHAS,0.87,4.0,-15.7966,-41.46002,3000,2026-04-23 15:41:00+00:00,ACTIVE,POINT(-41.46002 -15.7966),1815255155
MONTALVÂNIA,0.46,10.8,-14.40741,-44.584,3000,2026-04-23 15:41:00+00:00,ACTIVE,POINT(-44.584 -14.40741),1815255147
MONTALVÂNIA,0.46,6.9,-14.40787,-44.58303,3000,2026-04-23 15:41:00+00:00,ACTIVE,POINT(-44.58303 -14.40787),1815255122
MONTALVÂNIA,0.46,10.0,-14.40809,-44.59047,3000,2026-04-23 15:41:00+00:00,ACTIVE,POINT(-44.59047 -14.40809),1815255036
PALMÓPOLIS,0.42,3.9,-16.80371,-40.43518,3000,2026-04-23 15:41:00+00:00,ACTIVE,POINT(-40.43518 -16.80371),1815255044
MONTALVÂNIA,0.46,6.9,-14.4085,-44.58952,3000,2026-04-23 15:41:00+00:00,ACTIVE,POINT(-44.58952 -14.4085),1815255019
SANTA RITA DE JACUTINGA,0.77,25.8,-22.10301,-44.06131,3000,2026-04-23 16:28:00+00:00,ACTIVE,POINT(-44.06131 -22.10301),1815263066
MUZAMBINHO,0.99,3.9,-21.38944,-46.51048,3000,2026-04-23 16:28:00+00:00,ACTIVE,POINT(-46.51048 -21.38944),1815263469
ANDRELÂNDIA,0.11,2.9,-21.64791,-44.3602,3000,2026-04-23 16:28:00+00:00,ACTIVE,POINT(-44.3602 -21.64791),1815262628
MERCÊS,0.07,21.5,-21.07246,-43.28642,3000,2026-04-23 16:28:00+00:00,ACTIVE,POINT(-43.28642 -21.07246),1815262647
VOLTA GRANDE,0.76,3.0,-21.68179,-42.58406,3000,2026-04-23 16:28:00+00:00,ACTIVE,POINT(-42.58406 -21.68179),1815263158
MADRE DE DEUS DE MINAS,0.96,3.1,-21.49627,-44.29715,3000,2026-04-23 16:28:00+00:00,ACTIVE,POINT(-44.29715 -21.49627),1815263349
SÃO ROQUE DE MINAS,0.62,6.4,-20.17036,-46.86155,3000,2026-04-23 16:30:00+00:00,ACTIVE,POINT(-46.86155 -20.17036),1815263477
PALMÓPOLIS,0.34,9.3,-16.80353,-40.43666,3000,2026-04-23 16:30:00+00:00,ACTIVE,POINT(-40.43666 -16.80353),1815262539
DELFINÓPOLIS,0.32,5.4,-20.21778,-46.77807,3000,2026-04-23 16:30:00+00:00,ACTIVE,POINT(-46.77807 -20.21778),1815262525
SÃO ROQUE DE MINAS,0.32,12.2,-20.21681,-46.77555,3000,2026-04-23 16:30:00+00:00,ACTIVE,POINT(-46.77555 -20.21681),1815262516
JAÍBA,0.71,27.0,-15.27269,-43.76764,3000,2026-04-23 16:30:00+00:00,ACTIVE,POINT(-43.76764 -15.27269),1815262461
RIO PARDO DE MINAS,0.82,9.2,-15.81748,-42.40907,3000,2026-04-23 16:30:00+00:00,ACTIVE,POINT(-42.40907 -15.81748),1815262449
JAÍBA,1.0,4.7,-15.18576,-43.97908,3000,2026-04-23 16:30:00+00:00,ACTIVE,POINT(-43.97908 -15.18576),1815263503
DELFINÓPOLIS,0.33,9.4,-20.21803,-46.78526,3000,2026-04-23 16:30:00+00:00,ACTIVE,POINT(-46.78526 -20.21803),1815262633
UNAÍ,0.42,6.0,-16.00128,-46.76387,3000,2026-04-23 16:30:00+00:00,ACTIVE,POINT(-46.76387 -16.00128),1815262616
SÃO ROQUE DE MINAS,0.31,17.2,-20.21716,-46.77328,3000,2026-04-23 16:30:00+00:00,ACTIVE,POINT(-46.77328 -20.21716),1815262608
BANDEIRA,0.67,7.4,-15.79723,-40.63481,3000,2026-04-23 16:30:00+00:00,ACTIVE,POINT(-40.63481 -15.79723),1815262443
SÃO ROQUE DE MINAS,0.22,29.2,-20.19639,-46.76237,3000,2026-04-23 16:30:00+00:00,ACTIVE,POINT(-46.76237 -20.19639),1815262468
JAÍBA,0.7,27.0,-15.27322,-43.77119,3000,2026-04-23 16:30:00+00:00,ACTIVE,POINT(-43.77119 -15.27322),1815262587
UNAÍ,0.35,7.2,-16.00274,-46.76423,3000,2026-04-23 16:30:00+00:00,ACTIVE,POINT(-46.76423 -16.00274),1815262455
SÃO ROQUE DE MINAS,0.82,7.9,-20.17416,-46.86083,3000,2026-04-23 16:30:00+00:00,ACTIVE,POINT(-46.86083 -20.17416),1815262513
SÃO ROQUE DE MINAS,0.25,20.7,-20.18737,-46.75261,3000,2026-04-23 16:30:00+00:00,ACTIVE,POINT(-46.75261 -20.18737),1815262518
SÃO ROQUE DE MINAS,0.62,13.0,-20.20588,-46.77578,3000,2026-04-23 16:30:00+00:00,ACTIVE,POINT(-46.77578 -20.20588),1815263257
SACRAMENTO,0.6,6.4,-20.16833,-46.93768,3000,2026-04-23 16:30:00+00:00,ACTIVE,POINT(-46.93768 -20.16833),1815262438
MATEUS LEME,0.98,3.0,-20.10608,-44.45835,3000,2026-04-23 16:30:00+00:00,ACTIVE,POINT(-44.45835 -20.10608),1815263707
SÃO ROQUE DE MINAS,0.21,19.4,-20.19572,-46.75731,3000,2026-04-23 16:30:00+00:00,ACTIVE,POINT(-46.75731 -20.19572),1815263697
ÁGUAS VERMELHAS,0.74,4.7,-15.53106,-41.67522,3000,2026-04-23 16:30:00+00:00,ACTIVE,POINT(-41.67522 -15.53106),1815263461
DELFINÓPOLIS,0.24,4.5,-20.23973,-46.80376,3000,2026-04-23 16:30:00+00:00,ACTIVE,POINT(-46.80376 -20.23973),1815263668
DELFINÓPOLIS,0.33,5.4,-20.21843,-46.78296,3000,2026-04-23 16:30:00+00:00,ACTIVE,POINT(-46.78296 -20.21843),1815263676
ITAMARANDIBA,0.1,91.3,-17.60933,-42.68649,3000,2026-04-23 16:30:00+00:00,ACTIVE,POINT(-42.68649 -17.60933),1815263677
MONTALVÂNIA,0.46,5.0,-14.40656,-44.58352,3000,2026-04-23 16:30:00+00:00,ACTIVE,POINT(-44.58352 -14.40656),1815263652
SÃO JOÃO DO PARAÍSO,0.46,18.3,-15.17649,-41.80655,3000,2026-04-23 16:30:00+00:00,ACTIVE,POINT(-41.80655 -15.17649),1815263434
JANAÚBA,0.69,9.0,-15.59407,-43.33505,3000,2026-04-23 16:30:00+00:00,ACTIVE,POINT(-43.33505 -15.59407),1815262555
MINAS NOVAS,0.09,10.9,-17.47969,-42.35623,3000,2026-04-23 16:30:00+00:00,ACTIVE,POINT(-42.35623 -17.47969),1815262664
JOAÍMA,0.43,5.8,-16.96964,-41.13937,3000,2026-04-23 16:30:00+00:00,ACTIVE,POINT(-41.13937 -16.96964),1815263261
CONTAGEM,0.96,4.1,-19.84935,-44.03769,3000,2026-04-23 16:30:00+00:00,ACTIVE,POINT(-44.03769 -19.84935),1815263181
SANTA CRUZ DE SALINAS,0.88,2.6,-15.92018,-41.91442,3000,2026-04-23 16:30:00+00:00,ACTIVE,POINT(-41.91442 -15.92018),1815262905
MONTALVÂNIA,0.46,15.8,-14.4071,-44.5871,3000,2026-04-23 16:30:00+00:00,ACTIVE,POINT(-44.5871 -14.4071),1815262883
RIACHINHO,0.82,3.5,-16.2057,-46.00957,3000,2026-04-23 16:30:00+00:00,ACTIVE,POINT(-46.00957 -16.2057),1815263385
SÃO ROQUE DE MINAS,0.47,14.1,-20.20962,-46.77484,3000,2026-04-23 16:30:00+00:00,ACTIVE,POINT(-46.77484 -20.20962),1815263356
DELFINÓPOLIS,0.65,9.2,-20.18831,-46.91055,3000,2026-04-23 16:30:00+00:00,ACTIVE,POINT(-46.91055 -20.18831),1815263359
SÃO ROQUE DE MINAS,0.77,7.9,-20.17354,-46.85599,3000,2026-04-23 16:30:00+00:00,ACTIVE,POINT(-46.85599 -20.17354),1815263405
ALPERCATA,1.0,2.6,-18.94461,-41.99995,3000,2026-04-23 16:30:00+00:00,ACTIVE,POINT(-41.99995 -18.94461),1815262931
SÃO ROQUE DE MINAS,0.27,6.4,-20.16588,-46.85686,3000,2026-04-23 16:30:00+00:00,ACTIVE,POINT(-46.85686 -20.16588),1815262877
SÃO ROQUE DE MINAS,0.31,9.5,-20.20839,-46.73582,3000,2026-04-23 16:30:00+00:00,ACTIVE,POINT(-46.73582 -20.20839),1815263366
JOÃO PINHEIRO,0.12,6.8,-17.13867,-45.60802,3000,2026-04-23 16:30:00+00:00,ACTIVE,POINT(-45.60802 -17.13867),1815262955
CÁSSIA,1.0,8.9,-20.46576,-46.88626,3000,2026-04-23 16:30:00+00:00,ACTIVE,POINT(-46.88626 -20.46576),1815263550
SÃO ROQUE DE MINAS,0.22,6.9,-20.19251,-46.73266,3000,2026-04-23 16:30:00+00:00,ACTIVE,POINT(-46.73266 -20.19251),1815263128
BURITIZEIRO,0.33,49.3,-17.50472,-45.00965,3000,2026-04-23 16:30:00+00:00,ACTIVE,POINT(-45.00965 -17.50472),1815263345
BURITIZEIRO,0.53,7.1,-17.49736,-45.00684,3000,2026-04-23 16:30:00+00:00,ACTIVE,POINT(-45.00684 -17.49736),1815263120
ÁGUA BOA,0.67,3.0,-18.02771,-42.3801,3000,2026-04-23 16:30:00+00:00,ACTIVE,POINT(-42.3801 -18.02771),1815262851
SÃO ROQUE DE MINAS,0.31,12.2,-20.21622,-46.77082,3000,2026-04-23 16:30:00+00:00,ACTIVE,POINT(-46.77082 -20.21622),1815262842
ÁGUAS VERMELHAS,0.88,3.7,-15.79517,-41.46123,3000,2026-04-23 16:30:00+00:00,ACTIVE,POINT(-41.46123 -15.79517),1815262917
DELFINÓPOLIS,0.24,7.3,-20.19597,-46.90944,3000,2026-04-23 16:30:00+00:00,ACTIVE,POINT(-46.90944 -20.19597),1815262918
SÃO ROQUE DE MINAS,0.31,7.7,-20.21267,-46.74246,3000,2026-04-23 16:30:00+00:00,ACTIVE,POINT(-46.74246 -20.21267),1815262821
MINAS NOVAS,0.22,0.6,-17.50927,-42.28391,3000,2026-04-23 16:30:00+00:00,ACTIVE,POINT(-42.28391 -17.50927),1815262933
BURITIZEIRO,0.39,11.4,-17.4979,-45.01068,3000,2026-04-23 16:30:00+00:00,ACTIVE,POINT(-45.01068 -17.4979),1815262580
BONITO DE MINAS,0.5,2.6,-15.41537,-44.8421,3000,2026-04-23 16:30:00+00:00,ACTIVE,POINT(-44.8421 -15.41537),1815262829
PAI PEDRO,0.85,3.2,-15.4215,-43.05309,3000,2026-04-23 16:30:00+00:00,ACTIVE,POINT(-43.05309 -15.4215),1815262839
ARINOS,0.85,3.7,-16.07547,-45.88174,3000,2026-04-23 16:30:00+00:00,ACTIVE,POINT(-45.88174 -16.07547),1815263522
BAMBUÍ,1.0,12.9,-20.33017,-46.05327,3000,2026-04-23 16:30:00+00:00,ACTIVE,POINT(-46.05327 -20.33017),1815263327
MEDEIROS,0.78,4.8,-19.97336,-46.14701,3000,2026-04-23 16:30:00+00:00,ACTIVE,POINT(-46.14701 -19.97336),1815262804
SÃO ROQUE DE MINAS,0.25,10.9,-20.19954,-46.75692,3000,2026-04-23 16:30:00+00:00,ACTIVE,POINT(-46.75692 -20.19954),1815263070
BERILO,0.06,3.3,-16.80898,-42.52667,3000,2026-04-23 16:30:00+00:00,ACTIVE,POINT(-42.52667 -16.80898),1815262802
SÃO ROQUE DE MINAS,0.21,29.2,-20.19252,-46.76249,3000,2026-04-23 16:30:00+00:00,ACTIVE,POINT(-46.76249 -20.19252),1815263319
SÃO ROQUE DE MINAS,0.31,12.2,-20.21284,-46.74023,3000,2026-04-23 16:30:00+00:00,ACTIVE,POINT(-46.74023 -20.21284),1815263315
JANAÚBA,1.0,2.6,-16.09571,-43.28075,3000,2026-04-23 16:30:00+00:00,ACTIVE,POINT(-43.28075 -16.09571),1815263512
DELFINÓPOLIS,0.3,5.4,-20.24852,-46.78123,3000,2026-04-23 16:30:00+00:00,ACTIVE,POINT(-46.78123 -20.24852),1815263321
SÃO ROQUE DE MINAS,0.33,5.6,-20.23853,-46.76348,3000,2026-04-23 16:30:00+00:00,ACTIVE,POINT(-46.76348 -20.23853),1815262745
INIMUTABA,0.27,4.6,-18.86403,-44.36095,3000,2026-04-23 16:30:00+00:00,ACTIVE,POINT(-44.36095 -18.86403),1815262751
MINAS NOVAS,0.08,15.6,-17.47638,-42.3568,3000,2026-04-23 16:30:00+00:00,ACTIVE,POINT(-42.3568 -17.47638),1815262712
SACRAMENTO,0.85,9.7,-20.17094,-46.95828,3000,2026-04-23 16:30:00+00:00,ACTIVE,POINT(-46.95828 -20.17094),1815263275
SÃO ROQUE DE MINAS,0.31,11.6,-20.21206,-46.73756,3000,2026-04-23 16:30:00+00:00,ACTIVE,POINT(-46.73756 -20.21206),1815262711
PAULISTAS,0.23,8.9,-18.4496,-42.91371,3000,2026-04-23 16:30:00+00:00,ACTIVE,POINT(-42.91371 -18.4496),1815263297
CONTAGEM,-999.0,7.3,-19.85092,-44.03747,3000,2026-04-23 16:30:00+00:00,ACTIVE,POINT(-44.03747 -19.85092),1815263062
FRANCISCO SÁ,0.92,5.7,-16.57561,-43.48662,3000,2026-04-23 16:30:00+00:00,ACTIVE,POINT(-43.48662 -16.57561),1815262665
SÃO ROQUE DE MINAS,0.33,14.1,-20.20902,-46.77023,3000,2026-04-23 16:30:00+00:00,ACTIVE,POINT(-46.77023 -20.20902),1815263536
SÃO ROQUE DE MINAS,0.25,5.2,-20.19049,-46.73289,3000,2026-04-23 17:02:00+00:00,ACTIVE,POINT(-46.73289 -20.19049),1815256004
SÃO ROQUE DE MINAS,0.31,4.3,-20.20845,-46.73342,3000,2026-04-23 17:02:00+00:00,ACTIVE,POINT(-46.73342 -20.20845),1815256018
SÃO ROQUE DE MINAS,0.32,8.8,-20.20689,-46.76698,3000,2026-04-23 17:02:00+00:00,ACTIVE,POINT(-46.76698 -20.20689),1815255922
SÃO ROQUE DE MINAS,0.31,4.3,-20.20912,-46.73744,3000,2026-04-23 17:02:00+00:00,ACTIVE,POINT(-46.73744 -20.20912),1815255910
DELFINÓPOLIS,0.35,5.3,-20.18012,-46.93652,3000,2026-04-23 17:02:00+00:00,ACTIVE,POINT(-46.93652 -20.18012),1815255864
ARINOS,0.52,5.2,-15.92689,-45.953,3000,2026-04-23 17:02:00+00:00,ACTIVE,POINT(-45.953 -15.92689),1815255846
DELFINÓPOLIS,0.24,6.4,-20.24121,-46.80192,3000,2026-04-23 17:02:00+00:00,ACTIVE,POINT(-46.80192 -20.24121),1815255768
SÃO JOÃO DO PARAÍSO,0.7,9.7,-15.18034,-41.80183,3000,2026-04-23 17:02:00+00:00,ACTIVE,POINT(-41.80183 -15.18034),1815255812
JEQUITINHONHA,0.26,2.8,-16.5067,-41.10113,3000,2026-04-23 17:02:00+00:00,ACTIVE,POINT(-41.10113 -16.5067),1815258367
DELFINÓPOLIS,0.68,5.4,-20.20137,-46.88352,3000,2026-04-23 17:02:00+00:00,ACTIVE,POINT(-46.88352 -20.20137),1815258309
BURITIZEIRO,0.49,10.4,-17.49806,-45.0074,3000,2026-04-23 17:02:00+00:00,ACTIVE,POINT(-45.0074 -17.49806),1815258299
SÃO JOÃO DO PARAÍSO,0.38,9.7,-15.17534,-41.80265,3000,2026-04-23 17:02:00+00:00,ACTIVE,POINT(-41.80265 -15.17534),1815258279
SÃO GERALDO DA PIEDADE,0.93,7.0,-18.96342,-42.28538,3000,2026-04-23 17:02:00+00:00,ACTIVE,POINT(-42.28538 -18.96342),1815258263
SÃO ROQUE DE MINAS,0.37,8.8,-20.20758,-46.77109,3000,2026-04-23 17:02:00+00:00,ACTIVE,POINT(-46.77109 -20.20758),1815258217
SÃO ROQUE DE MINAS,0.31,1.6,-20.21325,-46.7408,3000,2026-04-23 17:02:00+00:00,ACTIVE,POINT(-46.7408 -20.21325),1815258248
FRANCISCO SÁ,0.92,4.2,-16.57674,-43.48853,3000,2026-04-23 17:02:00+00:00,ACTIVE,POINT(-43.48853 -16.57674),1815258174
JAÍBA,1.0,4.6,-15.18708,-43.98231,3000,2026-04-23 17:02:00+00:00,ACTIVE,POINT(-43.98231 -15.18708),1815258052
SÃO ROQUE DE MINAS,0.46,5.3,-20.19105,-46.88556,3000,2026-04-23 17:02:00+00:00,ACTIVE,POINT(-46.88556 -20.19105),1815257906
SÃO ROQUE DE MINAS,0.32,9.9,-20.21524,-46.77423,3000,2026-04-23 17:02:00+00:00,ACTIVE,POINT(-46.77423 -20.21524),1815257887
PAULISTAS,0.11,2.3,-18.45086,-42.91015,3000,2026-04-23 17:02:00+00:00,ACTIVE,POINT(-42.91015 -18.45086),1815257841
SACRAMENTO,0.88,3.5,-20.16961,-46.95894,3000,2026-04-23 17:02:00+00:00,ACTIVE,POINT(-46.95894 -20.16961),1815257783
PRATA,0.98,3.4,-19.15231,-49.25123,3000,2026-04-23 17:02:00+00:00,ACTIVE,POINT(-49.25123 -19.15231),1815257734
DELFINÓPOLIS,0.42,5.4,-20.20203,-46.88748,3000,2026-04-23 17:02:00+00:00,ACTIVE,POINT(-46.88748 -20.20203),1815257682
SÃO ROQUE DE MINAS,0.28,5.2,-20.18705,-46.73364,3000,2026-04-23 17:02:00+00:00,ACTIVE,POINT(-46.73364 -20.18705),1815257642
DELFINÓPOLIS,0.24,5.9,-20.19558,-46.91276,3000,2026-04-23 17:02:00+00:00,ACTIVE,POINT(-46.91276 -20.19558),1815257621
PRATA,1.0,98.1,-19.15508,-49.247,3000,2026-04-23 17:02:00+00:00,ACTIVE,POINT(-49.247 -19.15508),1815257520
PRATA,1.0,57.7,-19.16232,-49.24954,3000,2026-04-23 17:02:00+00:00,ACTIVE,POINT(-49.24954 -19.16232),1815257476
SÃO ROQUE DE MINAS,0.31,4.3,-20.21258,-46.73677,3000,2026-04-23 17:02:00+00:00,ACTIVE,POINT(-46.73677 -20.21258),1815257408
SÃO ROQUE DE MINAS,0.3,3.9,-20.16644,-46.85307,3000,2026-04-23 17:02:00+00:00,ACTIVE,POINT(-46.85307 -20.16644),1815257402
BURITIZEIRO,0.45,38.0,-17.50287,-45.01176,3000,2026-04-23 17:02:00+00:00,ACTIVE,POINT(-45.01176 -17.50287),1815257375
JACINTO,1.0,11.4,-16.12322,-40.31345,3000,2026-04-23 17:02:00+00:00,ACTIVE,POINT(-40.31345 -16.12322),1815257262
SÃO ROQUE DE MINAS,0.24,4.6,-20.23115,-46.7626,3000,2026-04-23 17:02:00+00:00,ACTIVE,POINT(-46.7626 -20.23115),1815257229
JAÍBA,1.0,6.1,-15.18631,-43.9781,3000,2026-04-23 17:02:00+00:00,ACTIVE,POINT(-43.9781 -15.18631),1815257211
SÃO ROQUE DE MINAS,0.46,7.3,-20.2082,-46.79625,3000,2026-04-23 17:02:00+00:00,ACTIVE,POINT(-46.79625 -20.2082),1815257204
JAÍBA,0.65,43.6,-15.27444,-43.76733,3000,2026-04-23 17:02:00+00:00,ACTIVE,POINT(-43.76733 -15.27444),1815257173
JANAÚBA,1.0,13.9,-16.09443,-43.27836,3000,2026-04-23 17:02:00+00:00,ACTIVE,POINT(-43.27836 -16.09443),1815257151
SÃO ROQUE DE MINAS,0.25,5.2,-20.18982,-46.72885,3000,2026-04-23 17:02:00+00:00,ACTIVE,POINT(-46.72885 -20.18982),1815257145
SACRAMENTO,0.83,6.8,-20.17305,-46.95828,3000,2026-04-23 17:02:00+00:00,ACTIVE,POINT(-46.95828 -20.17305),1815257099
SÃO JOÃO DEL REI,0.94,19.2,-21.20782,-44.20993,3000,2026-04-23 17:02:00+00:00,ACTIVE,POINT(-44.20993 -21.20782),1815257049
SANTO ANTÔNIO DO MONTE,0.95,1.1,-20.09131,-45.25573,3000,2026-04-23 17:02:00+00:00,ACTIVE,POINT(-45.25573 -20.09131),1815257036
MINAS NOVAS,0.1,24.6,-17.47766,-42.35492,3000,2026-04-23 17:02:00+00:00,ACTIVE,POINT(-42.35492 -17.47766),1815256927
DELFINÓPOLIS,0.24,6.4,-20.24185,-46.80575,3000,2026-04-23 17:02:00+00:00,ACTIVE,POINT(-46.80575 -20.24185),1815256873
VERDELÂNDIA,1.0,9.6,-15.53312,-43.50634,3000,2026-04-23 17:02:00+00:00,ACTIVE,POINT(-43.50634 -15.53312),1815256870
PAI PEDRO,0.69,6.2,-15.42001,-43.05005,3000,2026-04-23 17:02:00+00:00,ACTIVE,POINT(-43.05005 -15.42001),1815256812
JANAÚBA,0.79,3.6,-15.59623,-43.33611,3000,2026-04-23 17:02:00+00:00,ACTIVE,POINT(-43.33611 -15.59623),1815256724
DELFINÓPOLIS,0.24,6.4,-20.24466,-46.80119,3000,2026-04-23 17:02:00+00:00,ACTIVE,POINT(-46.80119 -20.24466),1815256655
DELFINÓPOLIS,0.78,4.2,-20.19384,-46.88099,3000,2026-04-23 17:02:00+00:00,ACTIVE,POINT(-46.88099 -20.19384),1815256614
DELFINÓPOLIS,0.88,3.2,-20.19728,-46.88032,3000,2026-04-23 17:02:00+00:00,ACTIVE,POINT(-46.88032 -20.19728),1815256562
SANTO HIPÓLITO,1.0,8.7,-18.24091,-44.29735,3000,2026-04-23 17:02:00+00:00,ACTIVE,POINT(-44.29735 -18.24091),1815256529
PRATA,1.0,3.4,-19.15175,-49.24756,3000,2026-04-23 17:02:00+00:00,ACTIVE,POINT(-49.24756 -19.15175),1815256463
ITAMARANDIBA,0.09,13.7,-17.60837,-42.69025,3000,2026-04-23 17:02:00+00:00,ACTIVE,POINT(-42.69025 -17.60837),1815256384
ELÓI MENDES,1.0,4.7,-21.6552,-45.47775,3000,2026-04-23 17:02:00+00:00,ACTIVE,POINT(-45.47775 -21.6552),1815256364
SÃO ROQUE DE MINAS,0.45,7.5,-20.2477,-46.77646,3000,2026-04-23 17:02:00+00:00,ACTIVE,POINT(-46.77646 -20.2477),1815256343
SÃO JOÃO DEL REI,0.93,15.1,-21.2069,-44.2048,3000,2026-04-23 17:02:00+00:00,ACTIVE,POINT(-44.2048 -21.2069),1815256332
SÃO ROQUE DE MINAS,0.55,4.1,-20.18546,-46.89465,3000,2026-04-23 17:02:00+00:00,ACTIVE,POINT(-46.89465 -20.18546),1815256328
SÃO ROQUE DE MINAS,0.4,12.3,-20.23873,-46.76535,3000,2026-04-23 17:02:00+00:00,ACTIVE,POINT(-46.76535 -20.23873),1815256232
DELFINÓPOLIS,0.45,7.5,-20.17948,-46.93259,3000,2026-04-23 17:02:00+00:00,ACTIVE,POINT(-46.93259 -20.17948),1815256230
JAÍBA,0.63,10.5,-15.27523,-43.77166,3000,2026-04-23 17:02:00+00:00,ACTIVE,POINT(-43.77166 -15.27523),1815256221
SANTO HIPÓLITO,1.0,8.7,-18.24024,-44.2937,3000,2026-04-23 17:02:00+00:00,ACTIVE,POINT(-44.2937 -18.24024),1815256207
PRATA,1.0,98.1,-19.15842,-49.24643,3000,2026-04-23 17:02:00+00:00,ACTIVE,POINT(-49.24643 -19.15842),1815256162
CÁSSIA,1.0,2.2,-20.46839,-46.88685,3000,2026-04-23 17:02:00+00:00,ACTIVE,POINT(-46.88685 -20.46839),1815256136
SÃO ROQUE DE MINAS,0.28,4.8,-20.17361,-46.80258,3000,2026-04-23 17:02:00+00:00,ACTIVE,POINT(-46.80258 -20.17361),1815256096
BURITIZEIRO,0.51,9.5,-17.49898,-45.01252,3000,2026-04-23 17:02:00+00:00,ACTIVE,POINT(-45.01252 -17.49898),1815256081
SÃO ROQUE DE MINAS,0.3,4.8,-20.17295,-46.79867,3000,2026-04-23 17:02:00+00:00,ACTIVE,POINT(-46.79867 -20.17295),1815256053
MONTALVÂNIA,0.46,5.8,-14.40873,-44.58795,3000,2026-04-23 17:05:00+00:00,ACTIVE,POINT(-44.58795 -14.40873),1815256401
DELFINÓPOLIS,0.51,11.6,-20.1904,-46.9111,3000,2026-04-23 17:20:00+00:00,ACTIVE,POINT(-46.9111 -20.1904),1815262148
SÃO ROQUE DE MINAS,0.2,7.3,-20.19375,-46.75648,3000,2026-04-23 17:20:00+00:00,ACTIVE,POINT(-46.75648 -20.19375),1815262080
MONTE SIÃO,0.95,6.1,-22.41004,-46.4827,3000,2026-04-23 17:20:00+00:00,ACTIVE,POINT(-46.4827 -22.41004),1815262020
SÃO ROQUE DE MINAS,0.45,10.4,-20.24857,-46.7757,3000,2026-04-23 17:20:00+00:00,ACTIVE,POINT(-46.7757 -20.24857),1815262285
DELFINÓPOLIS,0.69,7.5,-20.20195,-46.8834,3000,2026-04-23 17:20:00+00:00,ACTIVE,POINT(-46.8834 -20.20195),1815261927
ELÓI MENDES,1.0,1.8,-21.65336,-45.47833,3000,2026-04-23 17:20:00+00:00,ACTIVE,POINT(-45.47833 -21.65336),1815261809
SÃO ROQUE DE MINAS,0.26,22.2,-20.189,-46.73356,3000,2026-04-23 17:20:00+00:00,ACTIVE,POINT(-46.73356 -20.189),1815261757
DELFINÓPOLIS,0.61,11.6,-20.18942,-46.90636,3000,2026-04-23 17:20:00+00:00,ACTIVE,POINT(-46.90636 -20.18942),1815261723
DELFINÓPOLIS,0.9,8.3,-20.19613,-46.87957,3000,2026-04-23 17:20:00+00:00,ACTIVE,POINT(-46.87957 -20.19613),1815261637
DELFINÓPOLIS,0.34,9.7,-20.19278,-46.91312,3000,2026-04-23 17:20:00+00:00,ACTIVE,POINT(-46.91312 -20.19278),1815261434
DELFINÓPOLIS,0.81,11.8,-20.1994,-46.88152,3000,2026-04-23 17:20:00+00:00,ACTIVE,POINT(-46.88152 -20.1994),1815261417
SÃO JOÃO DEL REI,0.94,47.1,-21.20589,-44.20786,3000,2026-04-23 17:20:00+00:00,ACTIVE,POINT(-44.20786 -21.20589),1815261378
DELFINÓPOLIS,0.78,9.1,-20.18696,-46.90923,3000,2026-04-23 17:20:00+00:00,ACTIVE,POINT(-46.90923 -20.18696),1815261372
MONTE SIÃO,0.97,7.5,-22.4107,-46.48595,3000,2026-04-23 17:20:00+00:00,ACTIVE,POINT(-46.48595 -22.4107),1815261236
DELFINÓPOLIS,0.48,4.6,-20.18204,-46.9348,3000,2026-04-23 17:20:00+00:00,ACTIVE,POINT(-46.9348 -20.18204),1815261141
PRATINHA,0.36,50.3,-19.86076,-46.37495,3000,2026-04-23 17:20:00+00:00,ACTIVE,POINT(-46.37495 -19.86076),1815260412
DELFINÓPOLIS,0.45,9.1,-20.19181,-46.90831,3000,2026-04-23 17:20:00+00:00,ACTIVE,POINT(-46.90831 -20.19181),1815260269
SÃO JOÃO DEL REI,0.94,47.1,-21.20681,-44.212,3000,2026-04-23 17:20:00+00:00,ACTIVE,POINT(-44.212 -21.20681),1815260241
SÃO ROQUE DE MINAS,0.31,8.1,-20.21548,-46.73833,3000,2026-04-23 17:20:00+00:00,ACTIVE,POINT(-46.73833 -20.21548),1815260022
PRATINHA,0.42,50.3,-19.86138,-46.37797,3000,2026-04-23 17:20:00+00:00,ACTIVE,POINT(-46.37797 -19.86138),1815259922
PRATINHA,0.38,5.8,-19.8646,-46.37511,3000,2026-04-23 17:20:00+00:00,ACTIVE,POINT(-46.37511 -19.8646),1815259908
DELFINÓPOLIS,0.33,4.2,-20.20303,-46.88882,3000,2026-04-23 17:20:00+00:00,ACTIVE,POINT(-46.88882 -20.20303),1815259732
DELFINÓPOLIS,0.38,8.8,-20.21228,-46.79688,3000,2026-04-23 17:20:00+00:00,ACTIVE,POINT(-46.79688 -20.21228),1815259641
SÃO JOÃO DEL REI,0.94,47.1,-21.21147,-44.20655,3000,2026-04-23 17:20:00+00:00,ACTIVE,POINT(-44.20655 -21.21147),1815259487
SÃO ROQUE DE MINAS,0.24,7.3,-20.1985,-46.7548,3000,2026-04-23 17:20:00+00:00,ACTIVE,POINT(-46.7548 -20.1985),1815259257
SACRAMENTO,0.69,7.5,-20.16783,-46.93922,3000,2026-04-23 17:20:00+00:00,ACTIVE,POINT(-46.93922 -20.16783),1815259241
SÃO JOÃO DEL REI,0.94,47.1,-21.21238,-44.21063,3000,2026-04-23 17:20:00+00:00,ACTIVE,POINT(-44.21063 -21.21238),1815258735
SÃO JOÃO DEL REI,0.93,55.2,-21.20497,-44.20373,3000,2026-04-23 17:20:00+00:00,ACTIVE,POINT(-44.20373 -21.20497),1815258681
JANAÚBA,1.0,7.1,-15.84953,-43.6159,3000,2026-04-23 17:22:00+00:00,ACTIVE,POINT(-43.6159 -15.84953),1815262324
PAULISTAS,0.11,2.8,-18.45197,-42.91019,3000,2026-04-23 17:22:00+00:00,ACTIVE,POINT(-42.91019 -18.45197),1815262042
BURITIZEIRO,0.59,12.3,-17.50534,-45.00603,3000,2026-04-23 17:22:00+00:00,ACTIVE,POINT(-45.00603 -17.50534),1815261993
SÃO JOÃO DO PARAÍSO,0.69,9.6,-15.18019,-41.80182,3000,2026-04-23 17:22:00+00:00,ACTIVE,POINT(-41.80182 -15.18019),1815261985
MINAS NOVAS,0.13,5.4,-17.48362,-42.35135,3000,2026-04-23 17:22:00+00:00,ACTIVE,POINT(-42.35135 -17.48362),1815261735
VERDELÂNDIA,1.0,5.3,-15.53524,-43.50581,3000,2026-04-23 17:22:00+00:00,ACTIVE,POINT(-43.50581 -15.53524),1815261627
MINAS NOVAS,0.11,10.3,-17.47719,-42.3539,3000,2026-04-23 17:22:00+00:00,ACTIVE,POINT(-42.3539 -17.47719),1815261316
SANTO HIPÓLITO,1.0,8.1,-18.24387,-44.29512,3000,2026-04-23 17:22:00+00:00,ACTIVE,POINT(-44.29512 -18.24387),1815260840
JANAÚBA,1.0,6.1,-16.09843,-43.27405,3000,2026-04-23 17:22:00+00:00,ACTIVE,POINT(-43.27405 -16.09843),1815260221
BURITIZEIRO,0.54,19.0,-17.50728,-45.011,3000,2026-04-23 17:22:00+00:00,ACTIVE,POINT(-45.011 -17.50728),1815260035
TAIOBEIRAS,0.21,9.7,-15.83216,-41.99468,3000,2026-04-23 17:22:00+00:00,ACTIVE,POINT(-41.99468 -15.83216),1815260023
MINAS NOVAS,0.09,12.6,-17.48176,-42.35543,3000,2026-04-23 17:22:00+00:00,ACTIVE,POINT(-42.35543 -17.48176),1815259033
BURITIZEIRO,0.44,13.1,-17.50625,-45.01031,3000,2026-04-23 17:22:00+00:00,ACTIVE,POINT(-45.01031 -17.50625),1815258877
BURITIZEIRO,0.44,14.2,-17.50066,-45.00811,3000,2026-04-23 17:22:00+00:00,ACTIVE,POINT(-45.00811 -17.50066),1815259777
BURITIZEIRO,0.64,174.7,-17.50799,-45.01233,3000,2026-04-23 18:28:00+00:00,ACTIVE,POINT(-45.01233 -17.50799),1815258018
SÃO DOMINGOS DO PRATA,0.51,8.0,-19.78036,-42.85002,3000,2026-04-23 18:28:00+00:00,ACTIVE,POINT(-42.85002 -19.78036),1815255714
MONTES CLAROS,0.28,7.4,-16.76101,-44.02194,3000,2026-04-23 18:28:00+00:00,ACTIVE,POINT(-44.02194 -16.76101),1815256051
POMPÉU,0.79,19.0,-19.0979,-45.03357,3000,2026-04-23 18:28:00+00:00,ACTIVE,POINT(-45.03357 -19.0979),1815256023
CALDAS,0.97,6.8,-21.88845,-46.16213,3000,2026-04-23 18:28:00+00:00,ACTIVE,POINT(-46.16213 -21.88845),1815255656
MINAS NOVAS,0.06,9.7,-17.48341,-42.3608,3000,2026-04-23 18:28:00+00:00,ACTIVE,POINT(-42.3608 -17.48341),1815257014
MERCÊS,0.28,5.0,-21.08866,-43.31152,3000,2026-04-23 18:28:00+00:00,ACTIVE,POINT(-43.31152 -21.08866),1815255927
SÃO ROQUE DE MINAS,0.22,9.8,-20.23486,-46.76002,3000,2026-04-23 18:28:00+00:00,ACTIVE,POINT(-46.76002 -20.23486),1815256254
VAZANTE,0.75,6.6,-18.01636,-47.07455,3000,2026-04-23 18:28:00+00:00,ACTIVE,POINT(-47.07455 -18.01636),1815257954
MINAS NOVAS,0.06,9.7,-17.48341,-42.36082,3000,2026-04-23 18:28:00+00:00,ACTIVE,POINT(-42.36082 -17.48341),1815257068
CALDAS,0.97,10.1,-21.89341,-46.16709,3000,2026-04-23 18:28:00+00:00,ACTIVE,POINT(-46.16709 -21.89341),1815255601
MERCÊS,0.28,5.0,-21.08866,-43.3115,3000,2026-04-23 18:28:00+00:00,ACTIVE,POINT(-43.3115 -21.08866),1815255820
MINAS NOVAS,0.13,4.5,-17.48178,-42.35056,3000,2026-04-23 18:28:00+00:00,ACTIVE,POINT(-42.35056 -17.48178),1815256294
BURITIZEIRO,0.64,174.7,-17.50799,-45.01234,3000,2026-04-23 18:28:00+00:00,ACTIVE,POINT(-45.01234 -17.50799),1815257091
SÃO ROQUE DE MINAS,0.22,9.8,-20.23486,-46.76001,3000,2026-04-23 18:28:00+00:00,ACTIVE,POINT(-46.76001 -20.23486),1815256636
CALDAS,0.97,6.8,-21.88845,-46.16214,3000,2026-04-23 18:28:00+00:00,ACTIVE,POINT(-46.16214 -21.88845),1815256370
BURITIZEIRO,0.81,42.9,-17.50666,-45.00315,3000,2026-04-23 18:28:00+00:00,ACTIVE,POINT(-45.00315 -17.50666),1815256306
MERCÊS,0.11,5.3,-21.08725,-43.30209,3000,2026-04-23 18:28:00+00:00,ACTIVE,POINT(-43.30209 -21.08725),1815256662
BURITIZEIRO,0.59,8.9,-17.49919,-45.01373,3000,2026-04-23 18:28:00+00:00,ACTIVE,POINT(-45.01373 -17.49919),1815256666
MONTES CLAROS,0.28,7.4,-16.76101,-44.02192,3000,2026-04-23 18:28:00+00:00,ACTIVE,POINT(-44.02192 -16.76101),1815257106
PRATINHA,0.26,21.1,-19.86405,-46.37259,3000,2026-04-23 18:28:00+00:00,ACTIVE,POINT(-46.37259 -19.86405),1815256323
PRATINHA,0.67,32.5,-19.86551,-46.38331,3000,2026-04-23 18:28:00+00:00,ACTIVE,POINT(-46.38331 -19.86551),1815257111
PRATINHA,0.25,21.1,-19.86406,-46.37257,3000,2026-04-23 18:28:00+00:00,ACTIVE,POINT(-46.37257 -19.86406),1815257444
SÃO DOMINGOS DO PRATA,0.51,8.0,-19.78036,-42.85,3000,2026-04-23 18:28:00+00:00,ACTIVE,POINT(-42.85 -19.78036),1815257702
MERCÊS,0.11,5.3,-21.08725,-43.3021,3000,2026-04-23 18:28:00+00:00,ACTIVE,POINT(-43.3021 -21.08725),1815258313
CALDAS,0.97,10.1,-21.89342,-46.16708,3000,2026-04-23 18:28:00+00:00,ACTIVE,POINT(-46.16708 -21.89342),1815258310
SENHORA DE OLIVEIRA,0.72,7.4,-20.8148,-43.39698,3000,2026-04-23 18:28:00+00:00,ACTIVE,POINT(-43.39698 -20.8148),1815257648
SENHORA DE OLIVEIRA,0.72,7.4,-20.8148,-43.39696,3000,2026-04-23 18:28:00+00:00,ACTIVE,POINT(-43.39696 -20.8148),1815256326
BURITIZEIRO,0.59,8.9,-17.49919,-45.01374,3000,2026-04-23 18:28:00+00:00,ACTIVE,POINT(-45.01374 -17.49919),1815258198
SANTA RITA DE JACUTINGA,0.83,5.3,-22.22799,-44.16256,3000,2026-04-23 18:28:00+00:00,ACTIVE,POINT(-44.16256 -22.22799),1815256853
POMPÉU,0.79,19.0,-19.0979,-45.03355,3000,2026-04-23 18:28:00+00:00,ACTIVE,POINT(-45.03355 -19.0979),1815258092
MINAS NOVAS,0.13,4.5,-17.48177,-42.35058,3000,2026-04-23 18:28:00+00:00,ACTIVE,POINT(-42.35058 -17.48177),1815258027
BURITIZEIRO,0.81,42.9,-17.50666,-45.00314,3000,2026-04-23 18:28:00+00:00,ACTIVE,POINT(-45.00314 -17.50666),1815256889
PRATINHA,0.67,32.5,-19.86551,-46.38332,3000,2026-04-23 18:28:00+00:00,ACTIVE,POINT(-46.38332 -19.86551),1815257622
SANTA RITA DE JACUTINGA,0.83,5.3,-22.22799,-44.16257,3000,2026-04-23 18:28:00+00:00,ACTIVE,POINT(-44.16257 -22.22799),1815255740
VAZANTE,0.75,6.6,-18.01635,-47.07457,3000,2026-04-23 18:28:00+00:00,ACTIVE,POINT(-47.07457 -18.01635),1815256107
SÃO JOÃO DA PONTE,1.0,2.9,-15.87086,-43.63987,3000,2026-04-23 18:30:00+00:00,ACTIVE,POINT(-43.63987 -15.87086),1815258224
JANUÁRIA,0.98,10.4,-15.41169,-44.26917,3000,2026-04-23 18:30:00+00:00,ACTIVE,POINT(-44.26917 -15.41169),1815256450
JAÍBA,0.63,5.2,-15.28171,-43.77457,3000,2026-04-23 18:30:00+00:00,ACTIVE,POINT(-43.77457 -15.28171),1815256797
JAÍBA,0.73,7.3,-15.27226,-43.77216,3000,2026-04-23 18:30:00+00:00,ACTIVE,POINT(-43.77216 -15.27226),1815258315
SÃO JOÃO DA PONTE,1.0,2.9,-15.87086,-43.63989,3000,2026-04-23 18:30:00+00:00,ACTIVE,POINT(-43.63989 -15.87086),1815258318
MATIAS CARDOSO,0.62,4.9,-14.8159,-43.56826,3000,2026-04-23 18:30:00+00:00,ACTIVE,POINT(-43.56826 -14.8159),1815256940
JAÍBA,0.63,6.4,-15.28025,-43.76512,3000,2026-04-23 18:30:00+00:00,ACTIVE,POINT(-43.76512 -15.28025),1815257484
JAÍBA,0.63,6.4,-15.28025,-43.7651,3000,2026-04-23 18:30:00+00:00,ACTIVE,POINT(-43.7651 -15.28025),1815256240
JAÍBA,0.73,7.3,-15.27226,-43.77215,3000,2026-04-23 18:30:00+00:00,ACTIVE,POINT(-43.77215 -15.27226),1815256114
MATIAS CARDOSO,0.62,4.9,-14.81591,-43.56824,3000,2026-04-23 18:30:00+00:00,ACTIVE,POINT(-43.56824 -14.81591),1815256397
JANUÁRIA,0.98,10.4,-15.4117,-44.26916,3000,2026-04-23 18:30:00+00:00,ACTIVE,POINT(-44.26916 -15.4117),1815256386
JAÍBA,0.63,5.2,-15.28171,-43.77459,3000,2026-04-23 18:30:00+00:00,ACTIVE,POINT(-43.77459 -15.28171),1815258101
SILVEIRÂNIA,0.45,63.8,-21.1386,-43.1342,3000,2026-04-23 21:20:00+00:00,ACTIVE,POINT(-43.1342 -21.1386),1815263788
BURITIZEIRO,,1.4,-17.50167,-45.00807,3000,2026-04-24 03:40:00+00:00,ACTIVE,POINT(-45.00807 -17.50167),1815295775
SÃO ROQUE DE MINAS,,1.6,-20.18424,-46.75894,3000,2026-04-24 03:40:00+00:00,ACTIVE,POINT(-46.75894 -20.18424),1815295797
VÁRZEA DA PALMA,,1.6,-17.53361,-44.75422,3000,2026-04-24 03:40:00+00:00,ACTIVE,POINT(-44.75422 -17.53361),1815295807
SÃO ROQUE DE MINAS,,1.7,-20.2485,-46.77497,3000,2026-04-24 03:40:00+00:00,ACTIVE,POINT(-46.77497 -20.2485),1815295832
SÃO ROQUE DE MINAS,,5.9,-20.1666,-46.86479,3000,2026-04-24 03:40:00+00:00,ACTIVE,POINT(-46.86479 -20.1666),1815295833
DELFINÓPOLIS,,2.1,-20.21229,-46.81168,3000,2026-04-24 03:40:00+00:00,ACTIVE,POINT(-46.81168 -20.21229),1815296665
DELFINÓPOLIS,,2.1,-20.21143,-46.81562,3000,2026-04-24 03:40:00+00:00,ACTIVE,POINT(-46.81562 -20.21143),1815295951
JAÍBA,,2.1,-15.33087,-43.80265,3000,2026-04-24 03:40:00+00:00,ACTIVE,POINT(-43.80265 -15.33087),1815295959
VÁRZEA DA PALMA,,1.6,-17.53421,-44.75122,3000,2026-04-24 03:40:00+00:00,ACTIVE,POINT(-44.75122 -17.53421),1815295991
DELFINÓPOLIS,,1.5,-20.19918,-46.92406,3000,2026-04-24 03:40:00+00:00,ACTIVE,POINT(-46.92406 -20.19918),1815296042
BURITIZEIRO,,1.0,-17.50415,-45.00773,3000,2026-04-24 03:40:00+00:00,ACTIVE,POINT(-45.00773 -17.50415),1815296060
BURITIZEIRO,,1.4,-17.50103,-45.01115,3000,2026-04-24 03:40:00+00:00,ACTIVE,POINT(-45.01115 -17.50103),1815296061
SÃO ROQUE DE MINAS,,1.1,-20.19609,-46.73069,3000,2026-04-24 03:40:00+00:00,ACTIVE,POINT(-46.73069 -20.19609),1815296193
SÃO ROQUE DE MINAS,,5.9,-20.16581,-46.86838,3000,2026-04-24 03:40:00+00:00,ACTIVE,POINT(-46.86838 -20.16581),1815296606
BURITIZEIRO,,1.0,-17.50354,-45.01082,3000,2026-04-24 03:40:00+00:00,ACTIVE,POINT(-45.01082 -17.50354),1815296622
SÃO ROQUE DE MINAS,,2.3,-20.1905,-46.88553,3000,2026-04-24 03:40:00+00:00,ACTIVE,POINT(-46.88553 -20.1905),1815296845
SÃO ROQUE DE MINAS,,11.1,-20.16542,-46.86472,3000,2026-04-24 03:40:00+00:00,ACTIVE,POINT(-46.86472 -20.16542),1815296831
SÃO ROQUE DE MINAS,,3.0,-20.23577,-46.75554,3000,2026-04-24 03:40:00+00:00,ACTIVE,POINT(-46.75554 -20.23577),1815296818
SÃO ROQUE DE MINAS,,0.9,-20.24383,-46.77048,3000,2026-04-24 03:40:00+00:00,ACTIVE,POINT(-46.77048 -20.24383),1815296788
PARÁ DE MINAS,,1.2,-19.80095,-44.64061,3000,2026-04-24 03:40:00+00:00,ACTIVE,POINT(-44.64061 -19.80095),1815296780
PARACATU,,1.9,-17.16872,-46.83375,3000,2026-04-24 03:40:00+00:00,ACTIVE,POINT(-46.83375 -17.16872),1815296764
DELFINÓPOLIS,,2.4,-20.20271,-46.88169,3000,2026-04-24 03:40:00+00:00,ACTIVE,POINT(-46.88169 -20.20271),1815296737
SÃO ROQUE DE MINAS,,3.1,-20.1594,-46.86631,3000,2026-04-24 03:40:00+00:00,ACTIVE,POINT(-46.86631 -20.1594),1815296727
SÃO ROQUE DE MINAS,,1.1,-20.19089,-46.7287,3000,2026-04-24 03:40:00+00:00,ACTIVE,POINT(-46.7287 -20.19089),1815295000
SÃO ROQUE DE MINAS,,2.0,-20.16218,-46.85904,3000,2026-04-24 03:40:00+00:00,ACTIVE,POINT(-46.85904 -20.16218),1815295065
SÃO ROQUE DE MINAS,,3.0,-20.161,-46.85884,3000,2026-04-24 03:40:00+00:00,ACTIVE,POINT(-46.85884 -20.161),1815295097
SÃO ROQUE DE MINAS,,3.9,-20.16619,-46.86114,3000,2026-04-24 03:40:00+00:00,ACTIVE,POINT(-46.86114 -20.16619),1815295269
GOVERNADOR VALADARES,,1.2,-18.86269,-41.97818,3000,2026-04-24 03:40:00+00:00,ACTIVE,POINT(-41.97818 -18.86269),1815295288
SÃO JOÃO DEL REI,,1.3,-21.20472,-44.20743,3000,2026-04-24 03:40:00+00:00,ACTIVE,POINT(-44.20743 -21.20472),1815295390
SANTA CRUZ DE SALINAS,,0.9,-16.00651,-41.67831,3000,2026-04-24 03:40:00+00:00,ACTIVE,POINT(-41.67831 -16.00651),1815295392
SÃO ROQUE DE MINAS,,2.0,-20.16738,-46.86126,3000,2026-04-24 03:40:00+00:00,ACTIVE,POINT(-46.86126 -20.16738),1815296707
PARÁ DE MINAS,,1.2,-19.80206,-44.63515,3000,2026-04-24 03:40:00+00:00,ACTIVE,POINT(-44.63515 -19.80206),1815295475
SÃO ROQUE DE MINAS,,1.0,-20.18887,-46.72798,3000,2026-04-24 03:40:00+00:00,ACTIVE,POINT(-46.72798 -20.18887),1815295478
VÁRZEA DA PALMA,,1.6,-17.52862,-44.75314,3000,2026-04-24 03:40:00+00:00,ACTIVE,POINT(-44.75314 -17.52862),1815295510
SÃO ROQUE DE MINAS,,5.9,-20.16139,-46.86264,3000,2026-04-24 03:40:00+00:00,ACTIVE,POINT(-46.86264 -20.16139),1815295537
JAÍBA,,0.9,-15.33244,-43.8045,3000,2026-04-24 03:40:00+00:00,ACTIVE,POINT(-43.8045 -15.33244),1815295567
SÃO ROQUE DE MINAS,,0.9,-20.24321,-46.77337,3000,2026-04-24 03:40:00+00:00,ACTIVE,POINT(-46.77337 -20.24321),1815296703
SÃO ROQUE DE MINAS,,2.0,-20.15707,-46.85645,3000,2026-04-24 03:40:00+00:00,ACTIVE,POINT(-46.85645 -20.15707),1815295691
SÃO ROQUE DE MINAS,,1.5,-20.20856,-46.80279,3000,2026-04-24 03:40:00+00:00,ACTIVE,POINT(-46.80279 -20.20856),1815295719
DELFINÓPOLIS,,1.5,-20.20777,-46.80645,3000,2026-04-24 03:40:00+00:00,ACTIVE,POINT(-46.80645 -20.20777),1815295731
SÃO ROQUE DE MINAS,,2.3,-20.18964,-46.88944,3000,2026-04-24 03:40:00+00:00,ACTIVE,POINT(-46.88944 -20.18964),1815296090
BURITIZEIRO,,1.0,-17.49847,-45.00966,3000,2026-04-24 03:40:00+00:00,ACTIVE,POINT(-45.00966 -17.49847),1815296108
SÃO ROQUE DE MINAS,,1.0,-20.2411,-46.757,3000,2026-04-24 03:40:00+00:00,ACTIVE,POINT(-46.757 -20.2411),1815296119
SÃO ROQUE DE MINAS,,1.3,-20.19405,-46.73008,3000,2026-04-24 03:40:00+00:00,ACTIVE,POINT(-46.73008 -20.19405),1815296142
DELFINÓPOLIS,,2.0,-20.19752,-46.87944,3000,2026-04-24 03:40:00+00:00,ACTIVE,POINT(-46.87944 -20.19752),1815296602
JAÍBA,,0.9,-15.32754,-43.80353,3000,2026-04-24 03:40:00+00:00,ACTIVE,POINT(-43.80353 -15.32754),1815296343
SÃO ROQUE DE MINAS,,5.9,-20.16055,-46.86643,3000,2026-04-24 03:40:00+00:00,ACTIVE,POINT(-46.86643 -20.16055),1815296416
SÃO ROQUE DE MINAS,,1.3,-20.24036,-46.76042,3000,2026-04-24 03:40:00+00:00,ACTIVE,POINT(-46.76042 -20.24036),1815296468
SÃO ROQUE DE MINAS,,11.1,-20.16464,-46.86841,3000,2026-04-24 03:40:00+00:00,ACTIVE,POINT(-46.86841 -20.16464),1815296585
SANTA CRUZ DE SALINAS,,1.0,-16.00521,-41.67899,3000,2026-04-24 04:12:00+00:00,ACTIVE,POINT(-41.67899 -16.00521),1815301390
GAMELEIRAS,,0.7,-14.89707,-43.41345,3000,2026-04-24 04:12:00+00:00,ACTIVE,POINT(-43.41345 -14.89707),1815297089
IGARATINGA,,0.7,-19.963,-44.6893,3000,2026-04-24 04:12:00+00:00,ACTIVE,POINT(-44.6893 -19.963),1815297597
IGARATINGA,,0.8,-19.94895,-44.70707,3000,2026-04-24 04:12:00+00:00,ACTIVE,POINT(-44.70707 -19.94895),1815297811
PARÁ DE MINAS,,2.4,-19.80011,-44.63703,3000,2026-04-24 04:12:00+00:00,ACTIVE,POINT(-44.63703 -19.80011),1815301133
VÁRZEA DA PALMA,,0.4,-17.5345,-44.75441,3000,2026-04-24 04:12:00+00:00,ACTIVE,POINT(-44.75441 -17.5345),1815298338
BURITIZEIRO,,2.4,-17.50216,-45.00962,3000,2026-04-24 04:12:00+00:00,ACTIVE,POINT(-45.00962 -17.50216),1815298425
VAZANTE,,0.7,-17.56331,-46.6082,3000,2026-04-24 04:12:00+00:00,ACTIVE,POINT(-46.6082 -17.56331),1815298648
PONTO CHIQUE,,0.8,-16.70531,-44.95718,3000,2026-04-24 04:12:00+00:00,ACTIVE,POINT(-44.95718 -16.70531),1815302362
PARACATU,,1.6,-17.16633,-46.83375,3000,2026-04-24 04:12:00+00:00,ACTIVE,POINT(-46.83375 -17.16633),1815298758
GOVERNADOR VALADARES,,1.2,-18.8615,-41.98066,3000,2026-04-24 04:12:00+00:00,ACTIVE,POINT(-41.98066 -18.8615),1815300880
JAÍBA,,1.2,-15.3292,-43.80246,3000,2026-04-24 04:12:00+00:00,ACTIVE,POINT(-43.80246 -15.3292),1815299589
IGARATINGA,,0.4,-19.96224,-44.68999,3000,2026-04-24 04:12:00+00:00,ACTIVE,POINT(-44.68999 -19.96224),1815302038
VÁRZEA DA PALMA,,5.5,-17.53106,-44.75377,3000,2026-04-24 04:12:00+00:00,ACTIVE,POINT(-44.75377 -17.53106),1815302140
SÃO ROQUE DE MINAS,,1.3,-20.24978,-46.77672,3000,2026-04-24 04:14:00+00:00,ACTIVE,POINT(-46.77672 -20.24978),1815299475
SÃO ROQUE DE MINAS,,2.4,-20.24205,-46.75892,3000,2026-04-24 04:14:00+00:00,ACTIVE,POINT(-46.75892 -20.24205),1815301983
SÃO ROQUE DE MINAS,,1.8,-20.18904,-46.88745,3000,2026-04-24 04:14:00+00:00,ACTIVE,POINT(-46.88745 -20.18904),1815298461
SÃO ROQUE DE MINAS,,0.7,-20.17723,-46.80554,3000,2026-04-24 04:14:00+00:00,ACTIVE,POINT(-46.80554 -20.17723),1815301572
DELFINÓPOLIS,,1.2,-20.21291,-46.81709,3000,2026-04-24 04:14:00+00:00,ACTIVE,POINT(-46.81709 -20.21291),1815301521
SÃO ROQUE DE MINAS,,1.0,-20.2507,-46.77384,3000,2026-04-24 04:14:00+00:00,ACTIVE,POINT(-46.77384 -20.2507),1815301344
SÃO ROQUE DE MINAS,,1.6,-20.24346,-46.77218,3000,2026-04-24 04:14:00+00:00,ACTIVE,POINT(-46.77218 -20.24346),1815301723
DELFINÓPOLIS,,1.6,-20.20727,-46.80637,3000,2026-04-24 04:14:00+00:00,ACTIVE,POINT(-46.80637 -20.20727),1815299532
DELFINÓPOLIS,,1.2,-20.19777,-46.92363,3000,2026-04-24 04:14:00+00:00,ACTIVE,POINT(-46.92363 -20.19777),1815297158
DELFINÓPOLIS,,2.2,-20.20159,-46.88078,3000,2026-04-24 04:14:00+00:00,ACTIVE,POINT(-46.88078 -20.20159),1815299374
DELFINÓPOLIS,,0.5,-20.20648,-46.8108,3000,2026-04-24 04:14:00+00:00,ACTIVE,POINT(-46.8108 -20.20648),1815299190
DELFINÓPOLIS,,0.8,-20.20442,-46.88616,3000,2026-04-24 04:14:00+00:00,ACTIVE,POINT(-46.88616 -20.20442),1815297326
SÃO ROQUE DE MINAS,,1.0,-20.24709,-46.77298,3000,2026-04-24 04:14:00+00:00,ACTIVE,POINT(-46.77298 -20.24709),1815300549
DELFINÓPOLIS,,2.2,-20.19798,-46.8798,3000,2026-04-24 04:14:00+00:00,ACTIVE,POINT(-46.8798 -20.19798),1815298973
SÃO ROQUE DE MINAS,,19.1,-20.16224,-46.86791,3000,2026-04-24 04:14:00+00:00,ACTIVE,POINT(-46.86791 -20.16224),1815299662
SÃO ROQUE DE MINAS,,0.7,-20.15666,-46.85684,3000,2026-04-24 04:14:00+00:00,ACTIVE,POINT(-46.85684 -20.15666),1815297538
SÃO ROQUE DE MINAS,,1.3,-20.19441,-46.7307,3000,2026-04-24 04:14:00+00:00,ACTIVE,POINT(-46.7307 -20.19441),1815298756
SÃO ROQUE DE MINAS,,0.5,-20.17085,-46.79903,3000,2026-04-24 04:14:00+00:00,ACTIVE,POINT(-46.79903 -20.17085),1815298987
DELFINÓPOLIS,,1.2,-20.2101,-46.81163,3000,2026-04-24 04:14:00+00:00,ACTIVE,POINT(-46.81163 -20.2101),1815297622
DELFINÓPOLIS,,1.0,-20.21091,-46.80706,3000,2026-04-24 04:14:00+00:00,ACTIVE,POINT(-46.80706 -20.21091),1815300159
SÃO ROQUE DE MINAS,,1.6,-20.20806,-46.8019,3000,2026-04-24 04:14:00+00:00,ACTIVE,POINT(-46.8019 -20.20806),1815300065
DELFINÓPOLIS,,0.8,-20.19335,-46.9271,3000,2026-04-24 04:14:00+00:00,ACTIVE,POINT(-46.9271 -20.19335),1815297693
SÃO ROQUE DE MINAS,,0.7,-20.16026,-46.85788,3000,2026-04-24 04:14:00+00:00,ACTIVE,POINT(-46.85788 -20.16026),1815297884
SÃO ROQUE DE MINAS,,0.5,-20.17168,-46.79443,3000,2026-04-24 04:14:00+00:00,ACTIVE,POINT(-46.79443 -20.17168),1815297929
SÃO ROQUE DE MINAS,,1.9,-20.18538,-46.88669,3000,2026-04-24 04:14:00+00:00,ACTIVE,POINT(-46.88669 -20.18538),1815302339
SÃO ROQUE DE MINAS,,0.8,-20.19081,-46.7298,3000,2026-04-24 04:14:00+00:00,ACTIVE,POINT(-46.7298 -20.19081),1815298005
SÃO ROQUE DE MINAS,,0.8,-20.18721,-46.7289,3000,2026-04-24 04:14:00+00:00,ACTIVE,POINT(-46.7289 -20.18721),1815298035
DELFINÓPOLIS,,1.2,-20.21373,-46.81246,3000,2026-04-24 04:14:00+00:00,ACTIVE,POINT(-46.81246 -20.21373),1815301671
SÃO ROQUE DE MINAS,,2.8,-20.16387,-46.85886,3000,2026-04-24 04:14:00+00:00,ACTIVE,POINT(-46.85886 -20.16387),1815298044
SÃO JOÃO DEL REI,,1.1,-21.20568,-44.2086,3000,2026-04-24 04:14:00+00:00,ACTIVE,POINT(-44.2086 -21.20568),1815299566
SÃO JOÃO DEL REI,,1.1,-21.20234,-44.20799,3000,2026-04-24 04:14:00+00:00,ACTIVE,POINT(-44.20799 -21.20234),1815298881
SÃO ROQUE DE MINAS,,1.2,-20.18814,-46.7657,3000,2026-04-24 04:14:00+00:00,ACTIVE,POINT(-46.7657 -20.18814),1815299859
SÃO ROQUE DE MINAS,,1.5,-20.23842,-46.75818,3000,2026-04-24 04:14:00+00:00,ACTIVE,POINT(-46.75818 -20.23842),1815298891
SÃO ROQUE DE MINAS,,2.8,-20.16306,-46.86335,3000,2026-04-24 04:14:00+00:00,ACTIVE,POINT(-46.86335 -20.16306),1815302294
SÃO ROQUE DE MINAS,,1.5,-20.23481,-46.75728,3000,2026-04-24 04:14:00+00:00,ACTIVE,POINT(-46.75728 -20.23481),1815298168
DELFINÓPOLIS,,0.7,-20.17361,-46.93129,3000,2026-04-24 04:14:00+00:00,ACTIVE,POINT(-46.93129 -20.17361),1815302308
SÃO ROQUE DE MINAS,,1.5,-20.22966,-46.76515,3000,2026-04-24 04:14:00+00:00,ACTIVE,POINT(-46.76515 -20.22966),1815301911
SÃO ROQUE DE MINAS,,0.4,-20.19769,-46.75443,3000,2026-04-24 04:14:00+00:00,ACTIVE,POINT(-46.75443 -20.19769),1815301032
SÃO ROQUE DE MINAS,,2.6,-20.1941,-46.75348,3000,2026-04-24 04:14:00+00:00,ACTIVE,POINT(-46.75348 -20.1941),1815299824
VÁRZEA DA PALMA,,4.3,-17.53167,-44.75241,3000,2026-04-24 04:32:00+00:00,ACTIVE,POINT(-44.75241 -17.53167),1815299320
SÃO ROQUE DE MINAS,,1.8,-20.19579,-46.75253,3000,2026-04-24 04:32:00+00:00,ACTIVE,POINT(-46.75253 -20.19579),1815297245
SÃO ROQUE DE MINAS,,2.6,-20.16158,-46.86629,3000,2026-04-24 04:32:00+00:00,ACTIVE,POINT(-46.86629 -20.16158),1815297254
SÃO JOÃO DEL REI,,1.1,-21.2055,-44.20782,3000,2026-04-24 04:32:00+00:00,ACTIVE,POINT(-44.20782 -21.2055),1815297355
SÃO ROQUE DE MINAS,,0.6,-20.18876,-46.72589,3000,2026-04-24 04:32:00+00:00,ACTIVE,POINT(-46.72589 -20.18876),1815297414
PARACATU,,2.0,-17.16598,-46.834,3000,2026-04-24 04:32:00+00:00,ACTIVE,POINT(-46.834 -17.16598),1815297416
DELFINÓPOLIS,,3.9,-20.20903,-46.81072,3000,2026-04-24 04:32:00+00:00,ACTIVE,POINT(-46.81072 -20.20903),1815297427
ITAPECERICA,,0.9,-20.41479,-45.19509,3000,2026-04-24 04:32:00+00:00,ACTIVE,POINT(-45.19509 -20.41479),1815297489
PONTO CHIQUE,,0.6,-16.70783,-44.9567,3000,2026-04-24 04:32:00+00:00,ACTIVE,POINT(-44.9567 -16.70783),1815297540
BURITIZEIRO,,1.0,-17.50061,-45.00682,3000,2026-04-24 04:32:00+00:00,ACTIVE,POINT(-45.00682 -17.50061),1815297635
SÃO ROQUE DE MINAS,,0.8,-20.19172,-46.7305,3000,2026-04-24 04:32:00+00:00,ACTIVE,POINT(-46.7305 -20.19172),1815297684
SÃO ROQUE DE MINAS,,1.6,-20.23546,-46.75324,3000,2026-04-24 04:32:00+00:00,ACTIVE,POINT(-46.75324 -20.23546),1815297882
SÃO ROQUE DE MINAS,,2.6,-20.16569,-46.86261,3000,2026-04-24 04:32:00+00:00,ACTIVE,POINT(-46.86261 -20.16569),1815298188
DELFINÓPOLIS,,0.6,-20.21314,-46.80713,3000,2026-04-24 04:32:00+00:00,ACTIVE,POINT(-46.80713 -20.21314),1815298231
SÃO ROQUE DE MINAS,,1.6,-20.23841,-46.75795,3000,2026-04-24 04:32:00+00:00,ACTIVE,POINT(-46.75795 -20.23841),1815298266
DELFINÓPOLIS,,1.7,-20.20248,-46.88103,3000,2026-04-24 04:32:00+00:00,ACTIVE,POINT(-46.88103 -20.20248),1815298330
DELFINÓPOLIS,,1.5,-20.19543,-46.88021,3000,2026-04-24 04:32:00+00:00,ACTIVE,POINT(-46.88021 -20.19543),1815298408
DELFINÓPOLIS,,0.7,-20.17722,-46.95685,3000,2026-04-24 04:32:00+00:00,ACTIVE,POINT(-46.95685 -20.17722),1815298589
SÃO ROQUE DE MINAS,,0.6,-20.19231,-46.72631,3000,2026-04-24 04:32:00+00:00,ACTIVE,POINT(-46.72631 -20.19231),1815298653
SÃO ROQUE DE MINAS,,5.1,-20.161,-46.87037,3000,2026-04-24 04:32:00+00:00,ACTIVE,POINT(-46.87037 -20.161),1815298751
SACRAMENTO,,0.7,-20.17021,-46.93098,3000,2026-04-24 04:32:00+00:00,ACTIVE,POINT(-46.93098 -20.17021),1815298794
SÃO ROQUE DE MINAS,,1.4,-20.16276,-46.85804,3000,2026-04-24 04:32:00+00:00,ACTIVE,POINT(-46.85804 -20.16276),1815298846
DELFINÓPOLIS,,1.2,-20.17373,-46.93143,3000,2026-04-24 04:32:00+00:00,ACTIVE,POINT(-46.93143 -20.17373),1815298865
SÃO ROQUE DE MINAS,,1.4,-20.20672,-46.80177,3000,2026-04-24 04:32:00+00:00,ACTIVE,POINT(-46.80177 -20.20672),1815298965
SÃO ROQUE DE MINAS,,0.9,-20.25067,-46.77328,3000,2026-04-24 04:32:00+00:00,ACTIVE,POINT(-46.77328 -20.25067),1815298978
SÃO ROQUE DE MINAS,,0.9,-20.24714,-46.77282,3000,2026-04-24 04:32:00+00:00,ACTIVE,POINT(-46.77282 -20.24714),1815299063
DELFINÓPOLIS,,1.5,-20.19957,-46.87636,3000,2026-04-24 04:32:00+00:00,ACTIVE,POINT(-46.87636 -20.19957),1815299268
DELFINÓPOLIS,,1.2,-20.21255,-46.81121,3000,2026-04-24 04:32:00+00:00,ACTIVE,POINT(-46.81121 -20.21255),1815299336
SÃO ROQUE DE MINAS,,1.4,-20.20612,-46.80598,3000,2026-04-24 04:32:00+00:00,ACTIVE,POINT(-46.80598 -20.20612),1815299568
JAÍBA,,1.1,-15.3312,-43.80424,3000,2026-04-24 04:32:00+00:00,ACTIVE,POINT(-43.80424 -15.3312),1815299746
DELFINÓPOLIS,,0.5,-20.19605,-46.92557,3000,2026-04-24 04:32:00+00:00,ACTIVE,POINT(-46.92557 -20.19605),1815299794
BURITIZEIRO,,0.8,-17.49998,-45.01147,3000,2026-04-24 04:32:00+00:00,ACTIVE,POINT(-45.01147 -17.49998),1815299874
PARÁ DE MINAS,,1.6,-19.79875,-44.63512,3000,2026-04-24 04:32:00+00:00,ACTIVE,POINT(-44.63512 -19.79875),1815299935
DELFINÓPOLIS,,0.7,-20.19191,-46.92941,3000,2026-04-24 04:32:00+00:00,ACTIVE,POINT(-46.92941 -20.19191),1815299964
SÃO ROQUE DE MINAS,,0.6,-20.15922,-46.85767,3000,2026-04-24 04:32:00+00:00,ACTIVE,POINT(-46.85767 -20.15922),1815300096
SÃO ROQUE DE MINAS,,1.0,-20.20383,-46.79686,3000,2026-04-24 04:32:00+00:00,ACTIVE,POINT(-46.79686 -20.20383),1815300255
DELFINÓPOLIS,,1.3,-20.18785,-46.88308,3000,2026-04-24 04:32:00+00:00,ACTIVE,POINT(-46.88308 -20.18785),1815300447
SÃO ROQUE DE MINAS,,2.6,-20.1651,-46.86675,3000,2026-04-24 04:32:00+00:00,ACTIVE,POINT(-46.86675 -20.1651),1815300708
SÃO ROQUE DE MINAS,,0.8,-20.24361,-46.77234,3000,2026-04-24 04:32:00+00:00,ACTIVE,POINT(-46.77234 -20.24361),1815300718
SÃO ROQUE DE MINAS,,2.6,-20.16216,-46.86219,3000,2026-04-24 04:32:00+00:00,ACTIVE,POINT(-46.86219 -20.16216),1815300776
VAZANTE,,0.7,-17.56244,-46.60583,3000,2026-04-24 04:32:00+00:00,ACTIVE,POINT(-46.60583 -17.56244),1815300901
DELFINÓPOLIS,,0.4,-20.2054,-46.88565,3000,2026-04-24 04:32:00+00:00,ACTIVE,POINT(-46.88565 -20.2054),1815301196
SÃO ROQUE DE MINAS,,1.1,-20.23517,-46.75434,3000,2026-04-24 04:32:00+00:00,ACTIVE,POINT(-46.75434 -20.23517),1815301252
SÃO ROQUE DE MINAS,,1.1,-20.23809,-46.75906,3000,2026-04-24 04:32:00+00:00,ACTIVE,POINT(-46.75906 -20.23809),1815301371
DELFINÓPOLIS,,1.5,-20.19895,-46.88065,3000,2026-04-24 04:32:00+00:00,ACTIVE,POINT(-46.88065 -20.19895),1815301424
SÃO ROQUE DE MINAS,,1.1,-20.23871,-46.7548,3000,2026-04-24 04:32:00+00:00,ACTIVE,POINT(-46.7548 -20.23871),1815301657
PONTO CHIQUE,,0.8,-16.70658,-44.95431,3000,2026-04-24 04:32:00+00:00,ACTIVE,POINT(-44.95431 -16.70658),1815301697
SÃO ROQUE DE MINAS,,1.2,-20.19519,-46.75668,3000,2026-04-24 04:32:00+00:00,ACTIVE,POINT(-46.75668 -20.19519),1815301777
DELFINÓPOLIS,,1.2,-20.21197,-46.81528,3000,2026-04-24 04:32:00+00:00,ACTIVE,POINT(-46.81528 -20.21197),1815301818
SÃO ROQUE DE MINAS,,1.0,-20.19526,-46.73093,3000,2026-04-24 04:32:00+00:00,ACTIVE,POINT(-46.73093 -20.19526),1815301924
SÃO ROQUE DE MINAS,,1.3,-20.18726,-46.88717,3000,2026-04-24 04:32:00+00:00,ACTIVE,POINT(-46.88717 -20.18726),1815302014
DELFINÓPOLIS,,0.4,-20.20187,-46.88524,3000,2026-04-24 04:32:00+00:00,ACTIVE,POINT(-46.88524 -20.20187),1815302023
SÃO ROQUE DE MINAS,,1.3,-20.24193,-46.75852,3000,2026-04-24 04:32:00+00:00,ACTIVE,POINT(-46.75852 -20.24193),1815302053
SÃO ROQUE DE MINAS,,1.0,-20.22978,-46.76669,3000,2026-04-24 04:32:00+00:00,ACTIVE,POINT(-46.76669 -20.22978),1815302071
SÃO JOÃO DA PONTE,,4.1,-15.93081,-43.73004,3000,2026-04-24 11:45:00+00:00,ACTIVE,POINT(-43.73004 -15.93081),1815353457
VÁRZEA DA PALMA,,4.1,-17.60356,-44.60712,3000,2026-04-24 11:45:00+00:00,ACTIVE,POINT(-44.60712 -17.60356),1815353470
BOA ESPERANÇA,,5.1,-21.0323,-45.57448,3000,2026-04-24 11:45:00+00:00,ACTIVE,POINT(-45.57448 -21.0323),1815357130
MONTE SANTO DE MINAS,,4.8,-21.18964,-46.96548,3000,2026-04-24 11:45:00+00:00,ACTIVE,POINT(-46.96548 -21.18964),1815353816
BOA ESPERANÇA,,4.1,-21.02344,-45.57309,3000,2026-04-24 11:45:00+00:00,ACTIVE,POINT(-45.57309 -21.02344),1815356027
DELFINÓPOLIS,,7.6,-20.20546,-46.88226,3000,2026-04-24 11:45:00+00:00,ACTIVE,POINT(-46.88226 -20.20546),1815355856
MONTE SANTO DE MINAS,,4.8,-21.18964,-46.96546,3000,2026-04-24 11:45:00+00:00,ACTIVE,POINT(-46.96546 -21.18964),1815355405
VÁRZEA DA PALMA,,5.4,-17.60226,-44.61637,3000,2026-04-24 11:45:00+00:00,ACTIVE,POINT(-44.61637 -17.60226),1815354059
SÃO JOÃO DA PONTE,,4.1,-15.9308,-43.73006,3000,2026-04-24 11:45:00+00:00,ACTIVE,POINT(-43.73006 -15.9308),1815354173
VÁRZEA DA PALMA,,5.4,-17.60225,-44.61639,3000,2026-04-24 11:45:00+00:00,ACTIVE,POINT(-44.61639 -17.60225),1815354099
DELFINÓPOLIS,,7.6,-20.20546,-46.88227,3000,2026-04-24 11:45:00+00:00,ACTIVE,POINT(-46.88227 -20.20546),1815352673
MINAS NOVAS,,5.8,-17.37627,-42.61813,3000,2026-04-24 11:45:00+00:00,ACTIVE,POINT(-42.61813 -17.37627),1815352845
VÁRZEA DA PALMA,,4.1,-17.60356,-44.60711,3000,2026-04-24 11:45:00+00:00,ACTIVE,POINT(-44.60711 -17.60356),1815352866
TURMALINA,,5.1,-17.38575,-42.61941,3000,2026-04-24 11:45:00+00:00,ACTIVE,POINT(-42.61941 -17.38575),1815352939
TURMALINA,,5.1,-17.38575,-42.61942,3000,2026-04-24 11:45:00+00:00,ACTIVE,POINT(-42.61942 -17.38575),1815353006
BOA ESPERANÇA,,4.1,-21.02344,-45.5731,3000,2026-04-24 11:45:00+00:00,ACTIVE,POINT(-45.5731 -21.02344),1815353090
BOA ESPERANÇA,,5.1,-21.03229,-45.57449,3000,2026-04-24 11:45:00+00:00,ACTIVE,POINT(-45.57449 -21.03229),1815353279
MINAS NOVAS,,5.8,-17.37627,-42.61815,3000,2026-04-24 11:45:00+00:00,ACTIVE,POINT(-42.61815 -17.37627),1815353454
EXTREMA,,3.8,-22.83174,-46.33289,3000,2026-04-24 11:47:00+00:00,ACTIVE,POINT(-46.33289 -22.83174),1815357144
EXTREMA,,3.8,-22.83174,-46.3329,3000,2026-04-24 11:47:00+00:00,ACTIVE,POINT(-46.3329 -22.83174),1815353042
PRESIDENTE OLEGÁRIO,,7.1,-18.32847,-46.32913,3000,2026-04-24 16:09:00+00:00,ACTIVE,POINT(-46.32913 -18.32847),1815364696
CANDEIAS,,3.5,-20.81602,-45.18009,3000,2026-04-24 16:09:00+00:00,ACTIVE,POINT(-45.18009 -20.81602),1815364683
POCRANE,,3.4,-19.67908,-41.51886,3000,2026-04-24 16:09:00+00:00,ACTIVE,POINT(-41.51886 -19.67908),1815364686
VÁRZEA DA PALMA,,7.2,-17.60268,-44.61282,3000,2026-04-24 16:09:00+00:00,ACTIVE,POINT(-44.61282 -17.60268),1815364716
COUTO DE MAGALHÃES DE MINAS,,3.1,-18.00909,-43.48358,3000,2026-04-24 16:09:00+00:00,ACTIVE,POINT(-43.48358 -18.00909),1815364624
BURITIZEIRO,,4.0,-17.82224,-45.35887,3000,2026-04-24 16:09:00+00:00,ACTIVE,POINT(-45.35887 -17.82224),1815364740
PRESIDENTE OLEGÁRIO,,7.1,-18.3291,-46.3348,3000,2026-04-24 16:09:00+00:00,ACTIVE,POINT(-46.3348 -18.3291),1815364751
SÃO ROQUE DE MINAS,,11.8,-20.31805,-46.58646,3000,2026-04-24 16:09:00+00:00,ACTIVE,POINT(-46.58646 -20.31805),1815364663
RESPLENDOR,,9.9,-19.16316,-40.94912,3000,2026-04-24 16:09:00+00:00,ACTIVE,POINT(-40.94912 -19.16316),1815364653
CLARO DOS POÇÕES,,4.8,-17.22492,-44.30455,3000,2026-04-24 16:11:00+00:00,ACTIVE,POINT(-44.30455 -17.22492),1815364741
CLARO DOS POÇÕES,,4.8,-17.22913,-44.30399,3000,2026-04-24 16:11:00+00:00,ACTIVE,POINT(-44.30399 -17.22913),1815364699
SÃO JOÃO DA PONTE,,34.8,-15.8198,-43.7823,3000,2026-04-24 16:11:00+00:00,ACTIVE,POINT(-43.7823 -15.8198),1815364634
PAI PEDRO,,4.8,-15.42065,-43.05325,3000,2026-04-24 16:11:00+00:00,ACTIVE,POINT(-43.05325 -15.42065),1815364605
PAI PEDRO,,3.3,-15.41996,-43.05018,3000,2026-04-24 16:11:00+00:00,ACTIVE,POINT(-43.05018 -15.41996),1815364646
DELFINÓPOLIS,,7.4,-20.20294,-46.87461,3000,2026-04-24 16:41:00+00:00,ACTIVE,POINT(-46.87461 -20.20294),1815367135
RESPLENDOR,,7.9,-19.16201,-40.95044,3000,2026-04-24 16:41:00+00:00,ACTIVE,POINT(-40.95044 -19.16201),1815367041
BOA ESPERANÇA,,4.8,-21.0641,-45.71244,3000,2026-04-24 16:41:00+00:00,ACTIVE,POINT(-45.71244 -21.0641),1815365982
PEDRA BONITA,,3.8,-20.50032,-42.37546,3000,2026-04-24 16:41:00+00:00,ACTIVE,POINT(-42.37546 -20.50032),1815366657
JUIZ DE FORA,,5.0,-21.67233,-43.32567,3000,2026-04-24 16:41:00+00:00,ACTIVE,POINT(-43.32567 -21.67233),1815366575
DELFINÓPOLIS,,4.0,-20.20704,-46.8782,3000,2026-04-24 16:41:00+00:00,ACTIVE,POINT(-46.8782 -20.20704),1815365508
PIRAPETINGA,,12.1,-21.67405,-42.31454,3000,2026-04-24 16:41:00+00:00,ACTIVE,POINT(-42.31454 -21.67405),1815365500
DELFINÓPOLIS,,2.0,-20.18934,-46.88053,3000,2026-04-24 16:41:00+00:00,ACTIVE,POINT(-46.88053 -20.18934),1815365320
CORONEL XAVIER CHAVES,,4.0,-21.04612,-44.17075,3000,2026-04-24 16:41:00+00:00,ACTIVE,POINT(-44.17075 -21.04612),1815365762
SÃO GONÇALO DO RIO PRETO,,16.3,-18.22548,-43.35987,3000,2026-04-24 16:43:00+00:00,ACTIVE,POINT(-43.35987 -18.22548),1815365260
SÃO GONÇALO DO RIO PRETO,,22.2,-18.22826,-43.35556,3000,2026-04-24 16:43:00+00:00,ACTIVE,POINT(-43.35556 -18.22826),1815365344
UNAÍ,,3.0,-15.79287,-46.64494,3000,2026-04-24 16:43:00+00:00,ACTIVE,POINT(-46.64494 -15.79287),1815365377
SÃO GONÇALO DO RIO PRETO,,6.2,-18.22887,-43.35932,3000,2026-04-24 16:43:00+00:00,ACTIVE,POINT(-43.35932 -18.22887),1815365384
CLARO DOS POÇÕES,,7.9,-17.22638,-44.3046,3000,2026-04-24 16:43:00+00:00,ACTIVE,POINT(-44.3046 -17.22638),1815365393
CLARO DOS POÇÕES,,4.6,-17.22972,-44.30404,3000,2026-04-24 16:43:00+00:00,ACTIVE,POINT(-44.30404 -17.22972),1815365710
JOÃO PINHEIRO,,6.0,-17.49667,-46.03962,3000,2026-04-24 16:43:00+00:00,ACTIVE,POINT(-46.03962 -17.49667),1815365804
PINTÓPOLIS,,3.2,-16.10904,-45.20388,3000,2026-04-24 16:43:00+00:00,ACTIVE,POINT(-45.20388 -16.10904),1815365830
CRISTÁLIA,,1.9,-16.75633,-42.897,3000,2026-04-24 16:43:00+00:00,ACTIVE,POINT(-42.897 -16.75633),1815365926
PERDIZES,,0.8,-19.3903,-47.27406,3000,2026-04-24 16:43:00+00:00,ACTIVE,POINT(-47.27406 -19.3903),1815366242
BURITIZEIRO,,4.9,-17.82317,-45.35572,3000,2026-04-24 16:43:00+00:00,ACTIVE,POINT(-45.35572 -17.82317),1815366308
COROACI,,11.4,-18.61547,-42.32909,3000,2026-04-24 16:43:00+00:00,ACTIVE,POINT(-42.32909 -18.61547),1815366318
SÃO JOÃO DA PONTE,,44.1,-15.82067,-43.78028,3000,2026-04-24 16:43:00+00:00,ACTIVE,POINT(-43.78028 -15.82067),1815366374
BURITIZEIRO,,3.7,-17.82101,-45.31864,3000,2026-04-24 16:43:00+00:00,ACTIVE,POINT(-45.31864 -17.82101),1815366427
SÃO JOÃO DA PONTE,,5.6,-15.81787,-43.78462,3000,2026-04-24 16:43:00+00:00,ACTIVE,POINT(-43.78462 -15.81787),1815366587
PAI PEDRO,,4.4,-15.42028,-43.05011,3000,2026-04-24 16:43:00+00:00,ACTIVE,POINT(-43.05011 -15.42028),1815366666
PATROCÍNIO,,7.7,-18.73419,-46.92073,3000,2026-04-24 16:43:00+00:00,ACTIVE,POINT(-46.92073 -18.73419),1815366667
SÃO GONÇALO DO RIO PRETO,,5.7,-18.22488,-43.35614,3000,2026-04-24 16:43:00+00:00,ACTIVE,POINT(-43.35614 -18.22488),1815366744
VÁRZEA DA PALMA,,4.7,-17.60231,-44.61366,3000,2026-04-24 16:43:00+00:00,ACTIVE,POINT(-44.61366 -17.60231),1815366763
PRESIDENTE OLEGÁRIO,,21.0,-18.32606,-46.33167,3000,2026-04-24 16:43:00+00:00,ACTIVE,POINT(-46.33167 -18.32606),1815366836
SÃO JOÃO DA PONTE,,7.7,-15.81727,-43.78086,3000,2026-04-24 16:43:00+00:00,ACTIVE,POINT(-43.78086 -15.81727),1815366846
JOÃO PINHEIRO,,5.0,-17.63875,-46.2234,3000,2026-04-24 16:43:00+00:00,ACTIVE,POINT(-46.2234 -17.63875),1815366861
SÃO GONÇALO DO RIO PRETO,,6.2,-18.23286,-43.36252,3000,2026-04-24 16:43:00+00:00,ACTIVE,POINT(-43.36252 -18.23286),1815367107
CAMBUÍ,,2.6,-22.59071,-46.04678,3000,2026-04-24 17:02:00+00:00,ACTIVE,POINT(-46.04678 -22.59071),1815370998
CANÁPOLIS,,12.1,-18.76251,-49.10849,3000,2026-04-24 17:02:00+00:00,ACTIVE,POINT(-49.10849 -18.76251),1815371119
SÃO GONÇALO DO RIO PRETO,,5.0,-18.22327,-43.36077,3000,2026-04-24 17:02:00+00:00,ACTIVE,POINT(-43.36077 -18.22327),1815368985
SÃO GONÇALO DO RIO PRETO,,9.0,-18.22699,-43.35514,3000,2026-04-24 17:02:00+00:00,ACTIVE,POINT(-43.35514 -18.22699),1815371256
CAMPESTRE,,3.6,-21.77587,-46.2406,3000,2026-04-24 17:02:00+00:00,ACTIVE,POINT(-46.2406 -21.77587),1815371224
DELFINÓPOLIS,,3.7,-20.2065,-46.8933,3000,2026-04-24 17:02:00+00:00,ACTIVE,POINT(-46.8933 -20.2065),1815371233
CAMPESTRE,,3.8,-21.77863,-46.24209,3000,2026-04-24 17:02:00+00:00,ACTIVE,POINT(-46.24209 -21.77863),1815369565
CRUZÍLIA,,1.5,-21.78553,-44.76355,3000,2026-04-24 17:02:00+00:00,ACTIVE,POINT(-44.76355 -21.78553),1815369569
CLARO DOS POÇÕES,,5.4,-17.22639,-44.30416,3000,2026-04-24 17:02:00+00:00,ACTIVE,POINT(-44.30416 -17.22639),1815368940
DELFINÓPOLIS,,7.1,-20.20784,-46.87937,3000,2026-04-24 17:02:00+00:00,ACTIVE,POINT(-46.87937 -20.20784),1815369088
SÃO GONÇALO DO RIO PRETO,,9.0,-18.23165,-43.35431,3000,2026-04-24 17:02:00+00:00,ACTIVE,POINT(-43.35431 -18.23165),1815369311
POCRANE,,2.4,-19.68041,-41.51653,3000,2026-04-24 17:02:00+00:00,ACTIVE,POINT(-41.51653 -19.68041),1815372044
COROACI,,13.1,-18.61856,-42.32553,3000,2026-04-24 17:02:00+00:00,ACTIVE,POINT(-42.32553 -18.61856),1815370125
DELFINÓPOLIS,,4.8,-20.20261,-46.87091,3000,2026-04-24 17:02:00+00:00,ACTIVE,POINT(-46.87091 -20.20261),1815369363
CANÁPOLIS,,3.8,-18.75912,-49.10909,3000,2026-04-24 17:02:00+00:00,ACTIVE,POINT(-49.10909 -18.75912),1815370217
VIRGÍNIA,,0.6,-22.31489,-45.09209,3000,2026-04-24 17:02:00+00:00,ACTIVE,POINT(-45.09209 -22.31489),1815371878
COROACI,,13.1,-18.61371,-42.32694,3000,2026-04-24 17:02:00+00:00,ACTIVE,POINT(-42.32694 -18.61371),1815370413
SÃO GONÇALO DO RIO PRETO,,9.0,-18.23265,-43.35941,3000,2026-04-24 17:02:00+00:00,ACTIVE,POINT(-43.35941 -18.23265),1815369054
BURITIZEIRO,,2.7,-17.82095,-45.31721,3000,2026-04-24 17:02:00+00:00,ACTIVE,POINT(-45.31721 -17.82095),1815370555
SÃO GONÇALO DO RIO PRETO,,9.0,-18.22797,-43.36016,3000,2026-04-24 17:02:00+00:00,ACTIVE,POINT(-43.36016 -18.22797),1815371653
JOÃO PINHEIRO,,4.2,-17.63968,-46.22227,3000,2026-04-24 17:02:00+00:00,ACTIVE,POINT(-46.22227 -17.63968),1815370647
DELFINÓPOLIS,,3.7,-20.20939,-46.8883,3000,2026-04-24 17:02:00+00:00,ACTIVE,POINT(-46.8883 -20.20939),1815370745
PATROCÍNIO,,12.4,-18.73281,-46.92197,3000,2026-04-24 17:02:00+00:00,ACTIVE,POINT(-46.92197 -18.73281),1815370765
PATROCÍNIO,,10.3,-18.73375,-46.91844,3000,2026-04-24 17:02:00+00:00,ACTIVE,POINT(-46.91844 -18.73375),1815371462
COROACI,,16.4,-18.61776,-42.32758,3000,2026-04-24 17:02:00+00:00,ACTIVE,POINT(-42.32758 -18.61776),1815370877
SÃO JOÃO DA PONTE,,22.3,-15.82114,-43.77933,3000,2026-04-24 17:05:00+00:00,ACTIVE,POINT(-43.77933 -15.82114),1815369963
CANÁPOLIS,,16.5,-18.76153,-49.1079,3000,2026-04-24 17:52:00+00:00,ACTIVE,POINT(-49.1079 -18.76153),1815370931
CANÁPOLIS,,12.4,-18.76262,-49.10975,3000,2026-04-24 17:52:00+00:00,ACTIVE,POINT(-49.10975 -18.76262),1815370502
PARACATU,,105.1,-17.1397,-46.6425,3000,2026-04-24 20:30:00+00:00,ACTIVE,POINT(-46.6425 -17.1397),1815372502
